,SpatialGlue
AAACACCAATAACTGC-1,RpMØ
AAACAGAGCGACTCCT-1,RpMØ
AAACAGCTTTCAGAAG-1,RpMØ
AAACAGGGTCTATATT-1,B cell
AAACCGGGTAGGTACC-1,MZMØ
AAACCGTTCGTCCAGG-1,T cell
AAACCTCATGAAGTTG-1,B cell
AAACGAGACGGTTGAT-1,B cell
AAACGCCCGAGATCGG-1,MZMØ
AAACGTGTTCGCCCTA-1,RpMØ
AAACTAACGTGGCGAC-1,RpMØ
AAACTCGTGATATAAG-1,RpMØ
AAACTGCTGGCTCCAA-1,T cell
AAACTTGCAAACGTAT-1,B cell
AAAGACATGAAGTTTA-1,MMMØ
AAAGACCCAAGTCGCG-1,RpMØ
AAAGACTGGGCGCTTT-1,RpMØ
AAAGGCTCTCGCGCCG-1,MZMØ
AAAGGGATGTAGCAAG-1,B cell
AAAGGGCAGCTTGAAT-1,MZMØ
AAAGGTAAGCTGTACC-1,T cell
AAAGTAGCATTGCTCA-1,MMMØ
AAAGTCACTGATGTAA-1,MZMØ
AAAGTCGACCCTCAGT-1,MZMØ
AAATAACCATACGGGA-1,MZMØ
AAATACCTATAAGCAT-1,B cell
AAATCGTGTACCACAA-1,B cell
AAATGATTCGATCAGC-1,MZMØ
AAATGGCATGTCTTGT-1,T cell
AAATGGCCCGTGCCCT-1,MZMØ
AAATGGTCAATGTGCC-1,MMMØ
AAATTAACGGGTAGCT-1,MMMØ
AAATTACACGACTCTG-1,MZMØ
AAATTACCTATCGATG-1,B cell
AAATTGATAGTCCTTT-1,B cell
AAATTGGTGAGAAGCA-1,RpMØ
AAATTTACCGAAATCC-1,B cell
AAATTTGCGGGTGTGG-1,MZMØ
AACAACTGGTAGTTGC-1,MZMØ
AACAATACATTGTCGA-1,B cell
AACAATTACTCTACGC-1,MMMØ
AACACGACTGTACTGA-1,MZMØ
AACACGAGACGCGGCC-1,T cell
AACAGCTGTGTGGCAA-1,MMMØ
AACAGGAAATCGAATA-1,T cell
AACAGGATGGGCCGCG-1,B cell
AACATATCAACTGGTG-1,RpMØ
AACATCGATACGTCTA-1,RpMØ
AACCAAGACTTCTCTG-1,MMMØ
AACCAGTATCACTCTT-1,B cell
AACCCAGAGACGGAGA-1,RpMØ
AACCCATCCCATGATC-1,RpMØ
AACCCTACTGTCAATA-1,RpMØ
AACCCTGGTGGAACCA-1,T cell
AACCGAGCTTGGTCAT-1,MMMØ
AACCGTTGTGTTTGCT-1,MMMØ
AACCTTTAAATACGGT-1,RpMØ
AACCTTTACGACGTCT-1,RpMØ
AACGATAGAAGGGCCG-1,MMMØ
AACGATATGTCAACTG-1,B cell
AACGCATGATCTGGGT-1,MZMØ
AACGCGGTCTCCAGCC-1,MZMØ
AACGGCCATCTCCGGT-1,T cell
AACGTACTGTGGGTAC-1,T cell
AACGTCAGACTAGTGG-1,MZMØ
AACGTGATGAAGGACA-1,B cell
AACGTGCGAAAGTCTC-1,T cell
AACTAGGCTTGGGTGT-1,MZMØ
AACTCAAGTTAATTGC-1,T cell
AACTCCTAATCCCATG-1,MZMØ
AACTCTCAATAGAGCG-1,MZMØ
AACTCTCAGTGTGCTC-1,B cell
AACTGAGGTCAGCGTC-1,MZMØ
AACTGATATTAGGCCT-1,B cell
AACTGGGTCCCGACGT-1,B cell
AACTGGGTTCGAGCCG-1,B cell
AACTTGCCCGTATGCA-1,B cell
AACTTTCTCGATCATG-1,RpMØ
AAGAAATCACCAGATT-1,RpMØ
AAGACCCAACTGAACA-1,RpMØ
AAGACTCACGCCCACT-1,B cell
AAGACTGCAAGCTACT-1,B cell
AAGAGATGAATCGGTA-1,MMMØ
AAGAGCTCTTTATCGG-1,T cell
AAGAGGATGTACGCGA-1,MMMØ
AAGAGGCATGGATCGC-1,B cell
AAGATGGCACCGGACC-1,B cell
AAGATTGGCGGAACGT-1,B cell
AAGCATACTCTCCTGA-1,RpMØ
AAGCCGCCGTGAAATC-1,RpMØ
AAGCCGCTTTACCTTG-1,RpMØ
AAGCGGAGTGCGCGCA-1,MZMØ
AAGCGGCGTCATGGGT-1,T cell
AAGCGTCCCTCATCGA-1,B cell
AAGCTAGATCGAGTAA-1,B cell
AAGCTCGTGCCAAGTC-1,T cell
AAGGAGCGGTTGGTGC-1,MZMØ
AAGGATGAGGGACCTC-1,MZMØ
AAGGCGCGTAAAGCTT-1,MMMØ
AAGGCTGTGCTCATCG-1,B cell
AAGGGAACGACTGGCT-1,RpMØ
AAGGGACAGATTCTGT-1,B cell
AAGGGACTATGCATTC-1,MMMØ
AAGGTATCCTAATATA-1,MZMØ
AAGTAGAAGACCGGGT-1,B cell
AAGTAGTGACGCGAGG-1,MZMØ
AAGTCTAGTAGCTGCC-1,RpMØ
AAGTGACGACCGAATT-1,MZMØ
AAGTGAGTCGGGTTTA-1,RpMØ
AAGTGCGTTAGAATCT-1,B cell
AAGTTCAGTCTGCGTA-1,B cell
AAGTTCGGCCAACAGG-1,MZMØ
AATAACAACGCTCGGC-1,T cell
AATAACACTAGAACAA-1,B cell
AATAAGTCCTCGAGAC-1,RpMØ
AATACAATGTTTCAGG-1,RpMØ
AATAGAACAGAGTGGC-1,T cell
AATAGCAAGCCTCCTG-1,MZMØ
AATAGCTACCGCGTGC-1,MZMØ
AATAGTCCGTCCCGAC-1,RpMØ
AATATCGAGGGTTCTC-1,MZMØ
AATATTGGAGTATTGA-1,B cell
AATCCAAGGGCCTGAG-1,MZMØ
AATCGCCTCAGCGCCA-1,B cell
AATCGGGACACTACGA-1,RpMØ
AATCTAGGTTTACTTG-1,MZMØ
AATCTATGCCGGAGCC-1,RpMØ
AATCTCTACTGTGGTT-1,RpMØ
AATCTGCGTTGGGACG-1,B cell
AATCTGGCTTTCTAGT-1,MZMØ
AATCTGGGTAGACCCT-1,B cell
AATGACAGCAATGTCT-1,MZMØ
AATGACGTAGGATGTC-1,MZMØ
AATGACTGTCAGCCGG-1,MZMØ
AATGATGATACGCTAT-1,T cell
AATGATGCGACTCCTG-1,MZMØ
AATGCAACCGGGTACC-1,T cell
AATGCACCAAGCAATG-1,MMMØ
AATGGTCCACCGTTCA-1,RpMØ
AATGGTTCTCACAAGC-1,B cell
AATGTGCCCGAGGTGT-1,B cell
AATGTGCTAATCTGAG-1,RpMØ
AATTAAAGGTCGGCGT-1,MZMØ
AATTAGCGCTGCAGCG-1,RpMØ
AATTCATAAGGGATCT-1,MMMØ
AATTCTAGAGTTAGGC-1,MZMØ
AATTGAACGCTCTGGT-1,RpMØ
AATTTGGGACATAGTA-1,RpMØ
AATTTGGTTCCAAAGA-1,B cell
ACAAAGAAGGTAGGCC-1,RpMØ
ACAAATGGTAGTGTTT-1,RpMØ
ACAAATTCAGATCTGA-1,B cell
ACAACAGCATGAGCTA-1,B cell
ACAACGGTCCCTGCGA-1,B cell
ACAAGCAGTGCCTAGC-1,MMMØ
ACAAGGAAATCCGCCC-1,MZMØ
ACAAGGACAAGAGGTT-1,MZMØ
ACAAGGCCTACCAGCC-1,MZMØ
ACAAGGGCAGGCTCTG-1,MZMØ
ACAATAGTCGTACGTT-1,B cell
ACAATCCATTTAAACC-1,T cell
ACAATGAATACGGAGA-1,B cell
ACAATGATTCTTCTAC-1,MZMØ
ACAATTTGAGCAGTGG-1,B cell
ACACAAAGACGGGTGG-1,B cell
ACACAAATATTCCTAG-1,B cell
ACACACTTTCTACACG-1,B cell
ACACATGATCAAATCT-1,RpMØ
ACACCCAGCATGCAGC-1,MZMØ
ACACCCGAGAAATCCG-1,B cell
ACACCTTAAGTAGGGC-1,T cell
ACACGAGACTCCTTCT-1,T cell
ACACGGCACTATGCAT-1,B cell
ACACGGGAACTTAGGG-1,T cell
ACACTGATCAAGGTGT-1,T cell
ACAGAACTGAGAACAA-1,B cell
ACAGCATAGAGCCAGT-1,RpMØ
ACAGCGCACCCGCAGC-1,B cell
ACAGGTGGAGGTGAGG-1,B cell
ACAGTAATACAACTTG-1,MMMØ
ACAGTATACCGTGGGA-1,B cell
ACATAATAAGGCGGTG-1,MZMØ
ACATCAGCTGGGACGC-1,RpMØ
ACATCCCGGCCATACG-1,RpMØ
ACATCGATCGTTTACC-1,B cell
ACATCGGTCAGCCGCG-1,T cell
ACATCGTATGCAATGG-1,MZMØ
ACATCGTTAACCTAGT-1,T cell
ACATCTCAACGCGTAA-1,RpMØ
ACATTAGTTTATATCC-1,RpMØ
ACCAAACACCCAGCGA-1,RpMØ
ACCAACACCACACACT-1,MZMØ
ACCAACGCTTATTTAT-1,B cell
ACCAAGAACGCGTGTC-1,B cell
ACCACAACTCAGAACA-1,B cell
ACCACAAGTTTCTATC-1,B cell
ACCACCCTCTCTTCTA-1,RpMØ
ACCACGTGCAGCTATA-1,RpMØ
ACCAGCCCGGTCTTTG-1,RpMØ
ACCAGTGCCCGGTCAA-1,MMMØ
ACCATATCCGCAATAA-1,T cell
ACCATCCGCCAACTAG-1,RpMØ
ACCATCGTATATGGTA-1,B cell
ACCCAACGCCCGTGGC-1,RpMØ
ACCCACCTACATGCTC-1,MZMØ
ACCCATCTTGAGGGTA-1,T cell
ACCCGAGCGAAATTAC-1,MZMØ
ACCCGGTTACACTTCC-1,B cell
ACCCGTGTCATCAGTA-1,RpMØ
ACCCTATGCCATATCG-1,MMMØ
ACCCTGGTAACGCCCT-1,RpMØ
ACCCTTCATCTGCGAA-1,B cell
ACCCTTGCCTGGGTCG-1,RpMØ
ACCCTTTAGTTCTCCA-1,B cell
ACCGAAAGGGCCCTGC-1,RpMØ
ACCGAAGAGTCTGGTT-1,RpMØ
ACCGACTGAGTCCCAC-1,B cell
ACCGATGGTAGCATCG-1,MZMØ
ACCGGTCAGGTACACC-1,RpMØ
ACCGGTCTGAGTACGG-1,B cell
ACCGTGACCACGTGGG-1,B cell
ACCTAAGTACCTTTCA-1,MMMØ
ACCTAATCGACTTCCT-1,MZMØ
ACCTGCGTGTCATGTT-1,B cell
ACGAAATGGGCGGCAC-1,MZMØ
ACGACTGGTCATACTC-1,RpMØ
ACGAGATATTTGCTTA-1,B cell
ACGAGGATACCACTCT-1,MZMØ
ACGAGGTTTACAACGT-1,RpMØ
ACGAGTACGGATGCCC-1,MZMØ
ACGATACATAGAACTA-1,B cell
ACGATCATACATAGAG-1,B cell
ACGATCATCTTGTAAA-1,RpMØ
ACGATGCATATGTTAT-1,T cell
ACGATGGATCCGATGC-1,B cell
ACGCAAACTAATAGAT-1,RpMØ
ACGCAATCACTACAGC-1,RpMØ
ACGCATAAATGACATG-1,B cell
ACGCATTCGTGAGTAC-1,T cell
ACGCCAGATGATTTCT-1,T cell
ACGCCGCTAGACGACC-1,T cell
ACGCGAAGTCAGACGA-1,MMMØ
ACGCGCTACACAGGGT-1,B cell
ACGCGGGCCAAGGACA-1,MZMØ
ACGCTAGTGATACACT-1,MZMØ
ACGCTGTGAGGCGTAG-1,RpMØ
ACGCTTAGTGTCTCTC-1,MZMØ
ACGGAGCGCAAATTAC-1,B cell
ACGGCACTTGCTTGGG-1,B cell
ACGGCCAACATGGACT-1,B cell
ACGGCGACGATGGGAA-1,RpMØ
ACGGGAGTGTCGGCCC-1,B cell
ACGGGCGTATGCGACA-1,RpMØ
ACGTACAGATTTCTCT-1,T cell
ACGTAGATTGCTGATG-1,MZMØ
ACGTCTCGTTCCGGGA-1,RpMØ
ACGTGACAAAGTAAGT-1,RpMØ
ACGTGCGCCTCGTGCA-1,MZMØ
ACGTGGTCGAATGTGC-1,RpMØ
ACGTTAATGTCGAAGA-1,T cell
ACGTTAGATTTGCCCG-1,MMMØ
ACGTTCCGCGCTCCGT-1,MZMØ
ACGTTCGTTCAGGAAA-1,RpMØ
ACGTTTAGTTGTGATC-1,T cell
ACTAAGGACGCACACC-1,MMMØ
ACTAATACGTCAGGCG-1,MMMØ
ACTACATCCCGACAAG-1,RpMØ
ACTACCAGCTCTCTGG-1,MZMØ
ACTATATGCTGTGTTC-1,T cell
ACTATGTCCAGCTGCC-1,RpMØ
ACTATTCGTCCGTGGT-1,T cell
ACTATTTCCGGGCCCA-1,B cell
ACTCAATAAAGGCACG-1,MMMØ
ACTCCAATATCATCAT-1,MMMØ
ACTCCCATTCCTAAAG-1,B cell
ACTCCCGAATTCGTTT-1,RpMØ
ACTCCCGTAGACTAGG-1,RpMØ
ACTCCCTAGAATAGTA-1,B cell
ACTCGTAACCCGTCCT-1,B cell
ACTCGTCAGTAATCCC-1,T cell
ACTCTCTGACTTAGGT-1,B cell
ACTCTCTTATACACGA-1,B cell
ACTCTTGTATAGTAAC-1,B cell
ACTGAATGGCGAAAGT-1,MZMØ
ACTGATTTAGTGATTC-1,MMMØ
ACTGCCGTCGTAACTC-1,T cell
ACTGCTCGGAAGGATG-1,RpMØ
ACTGGCGAACCTGCGT-1,B cell
ACTGTACGATACACAT-1,MZMØ
ACTGTAGCACTTTGGA-1,MMMØ
ACTGTCCAGGATTATA-1,B cell
ACTGTCTTCTTTAGAA-1,MZMØ
ACTTACCGGGCGCGCA-1,T cell
ACTTATACTTACCCGG-1,RpMØ
ACTTATTAGGATCGGT-1,B cell
ACTTCGCCATACGCAC-1,T cell
ACTTGACTCCCTCTTT-1,T cell
ACTTGGGACCCGGTGG-1,MMMØ
ACTTGTAGTCCCTTCA-1,RpMØ
ACTTTACCCTCATGAA-1,RpMØ
ACTTTCCTATAGCTTC-1,MZMØ
ACTTTGACTGCATCCT-1,RpMØ
ACTTTGGTCGTGCTCC-1,RpMØ
AGAACGTGGTACATTC-1,B cell
AGAAGGTACACTTCAC-1,B cell
AGAAGGTTGCCGAATT-1,T cell
AGAAGTGATTCGTGAT-1,B cell
AGAATAAATCTTCAGG-1,RpMØ
AGAATGCGGGTTCGGA-1,T cell
AGAATTATGGATTCGA-1,RpMØ
AGACCAAACCACACCT-1,RpMØ
AGACCATGGGATACAA-1,MMMØ
AGACCCACCGCTGATC-1,B cell
AGACCCGCCCTCCTCG-1,MMMØ
AGACCGGGAAACCCTG-1,MMMØ
AGACGACGATGCCGCT-1,T cell
AGACGGGATTGGTATA-1,RpMØ
AGACGGGCCGATTTAA-1,B cell
AGACTAGCCTTCCAGA-1,MZMØ
AGACTGTTACCGGGTC-1,RpMØ
AGAGAACCGTCTAGGA-1,MZMØ
AGAGAAGGAGTACAAT-1,B cell
AGAGATCTCTAAAGCG-1,MMMØ
AGAGCAGTTATGAGAC-1,MZMØ
AGAGCGCTTGTAACGG-1,RpMØ
AGAGCGGGCTAATCAT-1,B cell
AGAGCGTACAAGCTCG-1,MZMØ
AGAGGGACAATTGTCC-1,MZMØ
AGAGTTAGAGACCGAT-1,MMMØ
AGAGTTGCAGGCCTCC-1,B cell
AGATAACTTCAGGGCC-1,MMMØ
AGATACCAGCACTTCA-1,RpMØ
AGATACCGGTGTTCAC-1,T cell
AGATACGACTTCATAT-1,B cell
AGATACTCAAGATCGA-1,MZMØ
AGATCGTGCATAAGAT-1,MZMØ
AGATCTCAGGTGTGAT-1,T cell
AGATGACTCGCCCACG-1,T cell
AGATGAGGGTTGCGAT-1,MZMØ
AGATGCAAGACGTGCA-1,B cell
AGATGCATCCTGTGTC-1,RpMØ
AGATTATAGGACGTTT-1,B cell
AGATTCACAACCGATA-1,RpMØ
AGCAACATATCTTATT-1,RpMØ
AGCAACCGAAAGTAAT-1,B cell
AGCACCAGTACTCACG-1,B cell
AGCACTACCGGCCTGT-1,B cell
AGCACTTAAGGACGCC-1,MMMØ
AGCAGCCAGATGAATA-1,RpMØ
AGCATCATTTCGAAAG-1,MMMØ
AGCATCGTCGATAATT-1,T cell
AGCCACTCCCGTGCTT-1,B cell
AGCCCATACATGTAAG-1,MMMØ
AGCCCGGCATTAGAGG-1,RpMØ
AGCCCGGTAGCCTGTA-1,RpMØ
AGCCCTAAGCGAAGTT-1,B cell
AGCCCTTCTAATCCGA-1,B cell
AGCCGTGGCTAAATGT-1,MZMØ
AGCCTAATACCCACGT-1,MZMØ
AGCGACAGGAACGGTC-1,B cell
AGCGACATCCCATTCA-1,B cell
AGCGACCAACGATATT-1,MMMØ
AGCGCATAATGAATCG-1,RpMØ
AGCGCGGGTGCCAATG-1,MMMØ
AGCGCTTATGGGCAAG-1,MMMØ
AGCGGCGGTTAGCGGT-1,MZMØ
AGCGGGAAGGGTCCAT-1,RpMØ
AGCGGTTGAGATGTAC-1,MMMØ
AGCGGTTGCCGCTCTG-1,RpMØ
AGCGTGGTATTCTACT-1,B cell
AGCGTTCCGATTTAAA-1,MZMØ
AGCTAACAAGCAATGT-1,B cell
AGCTAGAAGCAGAAGT-1,B cell
AGCTATTTAATCCAAC-1,T cell
AGCTCGTTGATGGAAA-1,RpMØ
AGCTCTAGACGTTCCA-1,B cell
AGCTCTTCCCAGTGCA-1,MMMØ
AGCTCTTTACTCAGTT-1,B cell
AGCTGAAGTAAACCAA-1,B cell
AGCTGTAACCTCAATC-1,B cell
AGCTTGATCTTAACTT-1,MMMØ
AGGACAGTCGAATCCC-1,RpMØ
AGGACATCGCACGTCG-1,MZMØ
AGGACGACCCATTAGA-1,T cell
AGGACGCTCGATGTTG-1,B cell
AGGAGACATCCACAGT-1,RpMØ
AGGATAAAGTCGGGAT-1,RpMØ
AGGATCACGCGATCTG-1,B cell
AGGCAGATGCGTAAAC-1,RpMØ
AGGCAGGGAGCGTACT-1,RpMØ
AGGCCACCCGTTATGA-1,MMMØ
AGGCCCATTGTACAGG-1,B cell
AGGCCCTAGAACGCCA-1,B cell
AGGCGGTTTGTCCCGC-1,RpMØ
AGGCGTCTATGGACGG-1,MZMØ
AGGCTATGGTTAGCTT-1,T cell
AGGCTTCCCGAAGAAG-1,T cell
AGGCTTGCTAGACACC-1,RpMØ
AGGGAAACGAGGTACT-1,MMMØ
AGGGACTCTACGCGAC-1,B cell
AGGGAGACATACTTCG-1,RpMØ
AGGGCAGCGGCGTGGT-1,B cell
AGGGCGAGCAGCTGAT-1,B cell
AGGGCGTGATCGGCTA-1,MMMØ
AGGGCTGCAGTTACAG-1,MZMØ
AGGGTCAGTAACCCTA-1,MZMØ
AGGGTCGATGCGAACT-1,MZMØ
AGGGTGCCGTTCTTTA-1,RpMØ
AGGGTGCTCTCGAGGG-1,MZMØ
AGGGTTCCCTTTGGTT-1,MZMØ
AGGGTTTAGTTCGGGA-1,MZMØ
AGGTAACCTCCTATTC-1,RpMØ
AGGTACGATATTGCCA-1,B cell
AGGTAGATCGAGATAT-1,RpMØ
AGGTAGGTACAAAGCT-1,T cell
AGGTCAGGTGAGAGTG-1,T cell
AGGTCGCGGAGTTACT-1,B cell
AGGTGTATCGCCATGA-1,B cell
AGGTTGAGGCACGCTT-1,T cell
AGGTTTCACACACCTT-1,B cell
AGTAACGTTCATCCTG-1,B cell
AGTAATGTCTTGCCGC-1,MMMØ
AGTACATCATTTATCA-1,RpMØ
AGTACCTTCGAGTGCT-1,B cell
AGTACGGCCCGTATCG-1,RpMØ
AGTACGGGCACCTGGC-1,MMMØ
AGTACGTGGCCTGTCT-1,B cell
AGTAGCTAGACGCCGA-1,B cell
AGTAGGAAGGAAGTTG-1,RpMØ
AGTAGGTAACATACAT-1,MZMØ
AGTATAATACTAGGCA-1,B cell
AGTATGCTGGAGACCA-1,B cell
AGTATTTGGCACGACC-1,RpMØ
AGTCAACACCACCATC-1,B cell
AGTCCCGCCTTTAATT-1,RpMØ
AGTCGACGGTCTCAAG-1,RpMØ
AGTCGGCCCAAACGAC-1,MZMØ
AGTCGGCTCAACTTTA-1,B cell
AGTCGTGGGCATTACG-1,MMMØ
AGTCTAAAGTATACTC-1,RpMØ
AGTCTCACAAGACTAC-1,B cell
AGTCTTCTCCTCAAAT-1,MZMØ
AGTGAAGATGGTGTCC-1,RpMØ
AGTGACCTACTTTACG-1,T cell
AGTGACTGTGACACAA-1,RpMØ
AGTGAGACTTCCAGTA-1,B cell
AGTGAGCCTCGCCGCC-1,RpMØ
AGTGAGGGTTTCTGAC-1,B cell
AGTGATATGAGTAGTT-1,T cell
AGTGATTCAAGCAGGA-1,B cell
AGTGCGTAGCTCGTAA-1,MZMØ
AGTGCTTGCACGAATA-1,RpMØ
AGTGGCGGCAATTTGA-1,B cell
AGTGGCTCCGTCGGCC-1,RpMØ
AGTGGTGTTACCCGTG-1,RpMØ
AGTGGTTGCGTATAGG-1,RpMØ
AGTGTATTGCGCATTG-1,RpMØ
AGTGTGGTCTATTGTG-1,RpMØ
AGTTAAACACTTGCGA-1,B cell
AGTTAAGCGGTCCCGG-1,B cell
AGTTAAGTCAACCGCT-1,MZMØ
AGTTACTCTATCGTGG-1,MZMØ
AGTTCCTACAGAATTA-1,T cell
AGTTCCTATTTATGTT-1,B cell
AGTTTATGTAAAGACA-1,RpMØ
AGTTTCGCAGGTCGGA-1,RpMØ
AGTTTGGCCAGACCTA-1,MZMØ
ATAAACGGACCCGTAA-1,B cell
ATAAAGGCTCGGTCGT-1,MZMØ
ATAAAGGTCAAGTACG-1,MZMØ
ATAAATATTAGCAGCT-1,MZMØ
ATAACGCCGGAGGGTC-1,B cell
ATAACGGAGTCCAACG-1,B cell
ATAACGTTACCTCCAC-1,MZMØ
ATAAGCAAACACCGAG-1,B cell
ATAAGGTGGAGAACAT-1,RpMØ
ATAAGTACCCGATTGT-1,RpMØ
ATAAGTAGGATTCAGA-1,MZMØ
ATAAGTTACCGCGACG-1,T cell
ATAATAGCTGTTGAAT-1,MMMØ
ATAATAGTGTAGGGAC-1,MZMØ
ATACCACGGGCAACTT-1,MZMØ
ATACCAGGCTAATAGA-1,RpMØ
ATACCGTCATCCATAA-1,MZMØ
ATACGCCGGCGAAACC-1,B cell
ATACGGAACGTCGTTT-1,RpMØ
ATACGGGTTTCGATTG-1,MMMØ
ATACGGTGAAGATGCA-1,RpMØ
ATACTAGCATGACCCT-1,MMMØ
ATAGACAACGGGACCT-1,MZMØ
ATAGACGAAGAGAAAG-1,MMMØ
ATAGAGTACTGGGACA-1,MZMØ
ATAGAGTTATCAACTT-1,MMMØ
ATAGGAATCTAAGCTT-1,B cell
ATAGGCGGCTATAGAA-1,MZMØ
ATAGGCTAGCTTCGCA-1,MMMØ
ATAGGGATATCCTTGA-1,B cell
ATAGGTTGGGCAGATG-1,B cell
ATAGTCTTTGACGTGC-1,B cell
ATAGTGAAGCGTTCTC-1,MZMØ
ATATCGTGCCAGACCC-1,RpMØ
ATATCTCCCTCGTTAA-1,B cell
ATATCTTAGGGCCTTC-1,MZMØ
ATATGTCTCCCTAGCC-1,MZMØ
ATATGTGCACAAACCA-1,B cell
ATATTCAGTTAAACCT-1,MZMØ
ATATTCCCACAGGTCA-1,RpMØ
ATATTGCTGTCAAAGT-1,B cell
ATATTTAACCCTCAAG-1,T cell
ATCAAACGAAGGTTTG-1,MMMØ
ATCAATCTGGGCTGCA-1,T cell
ATCAATGCCGTGGCTG-1,RpMØ
ATCACATTAGAATATC-1,B cell
ATCACGTGCTAATTAA-1,MZMØ
ATCACTTCATCCTCGC-1,T cell
ATCAGACGGCACGCCG-1,MMMØ
ATCAGCTCGTCCACTA-1,MZMØ
ATCAGGTCGCCATTGC-1,MZMØ
ATCAGTAGGCAGGGAT-1,RpMØ
ATCATCCAATATTTGT-1,MZMØ
ATCATCTGCCCAGTGT-1,B cell
ATCCAACGCAGTCATA-1,MMMØ
ATCCAATGGAGGGTCC-1,B cell
ATCCAATGGTACCGAA-1,RpMØ
ATCCACGCTAAATGTT-1,MMMØ
ATCCACTTTCAGACTA-1,B cell
ATCCAGAGCAACAACC-1,B cell
ATCCAGGATTCGTGAA-1,B cell
ATCCCATCCACAGCGC-1,RpMØ
ATCCTACCTAAGCTCT-1,B cell
ATCCTGAATCGCTGCG-1,MZMØ
ATCCTGCGTGGAATGG-1,B cell
ATCGACCCAATACAGA-1,B cell
ATCGACTCTTTCCGTT-1,B cell
ATCGCACGCCGGGAGA-1,T cell
ATCGCTGCGTGCAGCA-1,RpMØ
ATCGGCAAGCAGTCCA-1,MMMØ
ATCGGTTACCTAGTAA-1,RpMØ
ATCGTGGAAAGTCTGG-1,RpMØ
ATCGTTCACTTTCGCC-1,MZMØ
ATCTAATATCCTACGG-1,RpMØ
ATCTCCCTGCAATCTA-1,T cell
ATCTGACATGGAAGGA-1,RpMØ
ATCTGCACCTCTGCGA-1,MZMØ
ATCTGGTTAAGACTGT-1,T cell
ATCTGTAATTGTACCC-1,B cell
ATCTTGACCTGCAACG-1,MZMØ
ATCTTGACTTGTCCAA-1,RpMØ
ATGAAGCCAAGGAGCC-1,MZMØ
ATGACGCCGGCTCTAA-1,B cell
ATGACGCGTTCTATCC-1,B cell
ATGACTATCAGCTGTG-1,RpMØ
ATGAGGAGTGTTAATC-1,B cell
ATGATCGGGAATAGAC-1,B cell
ATGATGCAATGGTACA-1,T cell
ATGCACGCGCTGTTCA-1,RpMØ
ATGCACTACCGCATTG-1,MZMØ
ATGCATGATCCAGGAT-1,B cell
ATGCCAATCGCTCTGC-1,MZMØ
ATGCCGGTCTTGCATA-1,T cell
ATGCCGGTTGATGGGA-1,B cell
ATGCGACAATTGGTCC-1,B cell
ATGCGACAGTCCCATT-1,T cell
ATGCTCAGTGTTGCAT-1,MZMØ
ATGGAAATTTAAGGAG-1,RpMØ
ATGGAGCAGGCCGTGA-1,MZMØ
ATGGATCCGGCGTCCG-1,B cell
ATGGATTGACCAAACG-1,MMMØ
ATGGCAGCATTACGAT-1,RpMØ
ATGGCAGCCGAGAAAC-1,RpMØ
ATGGCTGGAAATGGCC-1,MZMØ
ATGGGAACGGAAGCGG-1,B cell
ATGGGACCTGCTGAAC-1,MZMØ
ATGGGTGTATACCTCC-1,RpMØ
ATGGTCGCGTGGTTTC-1,RpMØ
ATGGTTACGAAACATG-1,B cell
ATGTGAAAGCCTAATG-1,T cell
ATGTGCATCCGACGCA-1,B cell
ATGTGGACATCTTGAT-1,B cell
ATGTTCGTCGACCCAC-1,MZMØ
ATGTTTGTAAGATCAT-1,B cell
ATTAAACATGCGGACC-1,MMMØ
ATTAATACTACGCGGG-1,T cell
ATTAATGAACCAGTCG-1,B cell
ATTAATTCGGTCACTC-1,T cell
ATTACAACTACCGGCC-1,T cell
ATTACGACTCCACAGT-1,RpMØ
ATTACGCGCTGGCAGG-1,B cell
ATTACTAGCCTCTTGC-1,MMMØ
ATTACTTACTGGGCAT-1,MZMØ
ATTAGATTCCTCAGCA-1,B cell
ATTAGATTGATAGCGG-1,B cell
ATTAGGCGATGCTTTC-1,B cell
ATTATACTTTGCTCGT-1,B cell
ATTATGCCATAGGGAG-1,T cell
ATTATTATGTCCGTCA-1,B cell
ATTCAGATGAATCCCT-1,MMMØ
ATTCAGGACCTATTTC-1,B cell
ATTCAGGATCGCCTCT-1,T cell
ATTCAGTAGCAGGGTC-1,MMMØ
ATTCATATACTGTCCA-1,T cell
ATTCCCACATAAACAA-1,MMMØ
ATTCCTAAGACGTGGA-1,MZMØ
ATTCCTCCGCCAGTGC-1,T cell
ATTCGACGCCGGGCCT-1,MZMØ
ATTCGCAGAGGACACT-1,RpMØ
ATTCTCGTCTCTTTAG-1,RpMØ
ATTCTGAGTATGAACT-1,MZMØ
ATTCTTCGTACTTATG-1,T cell
ATTGAAGATCTTAGTG-1,MMMØ
ATTGACCGGCGATGAC-1,RpMØ
ATTGACGTAACTCGGT-1,B cell
ATTGATCACCACATTT-1,RpMØ
ATTGATGAGTCCTAAC-1,RpMØ
ATTGCTGCTCCTCCAT-1,B cell
ATTGGGAATATCTTGG-1,MZMØ
ATTGGGAGTTCTGTAA-1,RpMØ
ATTGTACAACTCGGCT-1,RpMØ
ATTGTCGCAATACCTT-1,RpMØ
ATTGTGACTTCGCTGC-1,B cell
ATTTAACTCGTATTAC-1,MZMØ
ATTTACAGTTTACTGG-1,B cell
ATTTCATTATTTCGCG-1,MZMØ
ATTTCCGGGTTCTGCG-1,T cell
ATTTGCGCGAGTAGCT-1,B cell
ATTTGTCTTGGGAGCT-1,B cell
ATTTGTTCCAGGGCTC-1,B cell
CAAACGAGTATCGCAG-1,T cell
CAAACGGTCGCACTTT-1,T cell
CAAACGTGGTCTTGCG-1,MMMØ
CAAACTACGATAGAGA-1,B cell
CAAACTATTGAGCTTC-1,B cell
CAAAGATTATTGGGCC-1,B cell
CAAAGGTTAAATTCAG-1,B cell
CAAATCTCTCACAAGG-1,B cell
CAAATGTCCTTCCGTG-1,T cell
CAAATTGGATTATGCC-1,RpMØ
CAAATTGTCAGCAAGC-1,T cell
CAACAGAATAACGCTA-1,MZMØ
CAACGACCCGTTTACA-1,T cell
CAACGGTTCTTGATAC-1,B cell
CAACTATATCGAATGC-1,MMMØ
CAACTCCAACGTTTAG-1,B cell
CAACTCCGTAACTTGC-1,RpMØ
CAACTCCTTGATCCCG-1,B cell
CAACTGAGGGTATGAC-1,MMMØ
CAACTGCTCATCCGAT-1,RpMØ
CAAGAGGGCGGAGTAC-1,B cell
CAAGCAACGTCGGAGT-1,B cell
CAAGCACCAAATGCCT-1,B cell
CAAGGATCGCATGTTC-1,MMMØ
CAAGTGTGGTTGCAAA-1,RpMØ
CAATAAACCTTGGCCC-1,T cell
CAATACGCTCTGAGGC-1,RpMØ
CAATATGTAGATTTAC-1,MMMØ
CAATATTCTTGACCTA-1,B cell
CAATCCATTATCCGTT-1,B cell
CAATCCCTATACCAGC-1,B cell
CAATGGAATCTACATA-1,MZMØ
CAATGGATCTCTACCA-1,B cell
CAATTAAGGGTGATGA-1,MMMØ
CAATTTCGTATAAGGG-1,T cell
CACAAGAAAGATATTA-1,B cell
CACAATGAGCTGCTAT-1,MZMØ
CACACAGGGATAGATT-1,MZMØ
CACACGCGCTGTCTTA-1,B cell
CACACGTTTCAATGGG-1,B cell
CACACTTGTATTGCGA-1,RpMØ
CACAGAGACGAGGACG-1,RpMØ
CACAGCACCCACGGCA-1,B cell
CACAGCTAGGGAGTGA-1,B cell
CACATATTAGCAGGAT-1,B cell
CACATCGTGCACGCGC-1,B cell
CACATGATTCAGCAAC-1,B cell
CACATTCTTTCGATGG-1,RpMØ
CACCACGCCACACAGA-1,RpMØ
CACCAGTCAGCATGCA-1,RpMØ
CACCATCGGAGGAGAC-1,RpMØ
CACCATGATCGCAAAG-1,B cell
CACCCACACGTCACCC-1,MMMØ
CACCCACGAGGCAATT-1,B cell
CACCCGGTTTGTGACT-1,B cell
CACCCTTGGTGAGACC-1,MZMØ
CACCGATACACCGAGC-1,T cell
CACCGCCAGAAGGTTT-1,T cell
CACCGCCGACCAGCGA-1,MMMØ
CACCGCGTCCACTCTA-1,MZMØ
CACCGGAGATATCTCC-1,B cell
CACCGTTAGGGATCAC-1,T cell
CACCGTTGCGCGATAT-1,MZMØ
CACCTAATCAGTTTAC-1,MMMØ
CACCTCGATGGTGGAC-1,B cell
CACCTTGCGAAACTCG-1,MZMØ
CACGAAAGTTAGTCCC-1,MZMØ
CACGACCACAGACTTT-1,B cell
CACGACGTAATAGTAA-1,MZMØ
CACGCACAGCGCAGCT-1,T cell
CACGCAGCGAGGCTTT-1,MZMØ
CACGGACGTGGATGGC-1,RpMØ
CACGGCGCGCCAAAGG-1,MZMØ
CACGGGATTGAGGGTT-1,RpMØ
CACGTCGGCAACCTCT-1,T cell
CACGTCTATGATGTGG-1,B cell
CACGTTCGTGCTCTAG-1,MMMØ
CACTAAAGTTGCCTAT-1,MZMØ
CACTACTCAGTTCTGT-1,MZMØ
CACTCAAGAGCTATGG-1,MMMØ
CACTCAGCTCTTGAGG-1,B cell
CACTCCTATGTAAGAT-1,B cell
CACTCCTCTCGGTCGG-1,MZMØ
CACTCGAGCTGAACAA-1,MMMØ
CACTCGGTTAGGAGGA-1,MZMØ
CACTGTCCAAGTGAGA-1,T cell
CACTTAATCAGACGGA-1,MZMØ
CACTTCGCCACAGGCT-1,MZMØ
CAGACACCGATCGCTG-1,B cell
CAGACCTGTAAGTGTT-1,RpMØ
CAGACGAACCTGATAC-1,MMMØ
CAGAGACGGTCACCCA-1,T cell
CAGAGCATGAGCTTGC-1,T cell
CAGAGGCGATGCATGA-1,B cell
CAGAGTGATTTAACGT-1,MMMØ
CAGATACTAACATAGT-1,MZMØ
CAGATCATTTAAAGTC-1,RpMØ
CAGATCCTGGTTTGAA-1,B cell
CAGCAGCCCGTTCCTT-1,T cell
CAGCCGGGCCCTCTAT-1,T cell
CAGCCTCCTGCAGAGG-1,T cell
CAGCCTCTCCTCAAGA-1,RpMØ
CAGCGATTCCCTTCAA-1,T cell
CAGCGCCAACACGATA-1,RpMØ
CAGCTCACTGAGACAT-1,MMMØ
CAGCTCGACAAGTTAA-1,MMMØ
CAGCTCGTGCTTGTGT-1,RpMØ
CAGCTGGCGTAACCGT-1,B cell
CAGCTTAGTAGGTAGC-1,MZMØ
CAGGAAGACTTTATAT-1,B cell
CAGGATATATCGTTGT-1,MMMØ
CAGGCCGTTTGGGTGT-1,T cell
CAGGCGCACGGTGGTC-1,MMMØ
CAGGCGCCATGCTAGG-1,MZMØ
CAGGTTTAGTACTACA-1,MZMØ
CAGTAACTATTTATTG-1,B cell
CAGTAATCCCTCCCAG-1,RpMØ
CAGTACATTCTCTAAA-1,B cell
CAGTACCAGTTTACGT-1,B cell
CAGTAGCCCACGCGGT-1,MMMØ
CAGTCCAACGCCTTCT-1,B cell
CAGTCGAGGATGCAAT-1,MZMØ
CAGTCTGTATACTGGG-1,B cell
CAGTGAATAAATGACT-1,MZMØ
CAGTGTCCGCAGAATG-1,B cell
CAGTTCAAATTGACAC-1,MMMØ
CAGTTCCGCGGGTCGA-1,MZMØ
CATAACGGACAGTCGT-1,RpMØ
CATAAGCTCTCCGTCT-1,RpMØ
CATACCCGTACCCAGT-1,T cell
CATACGAACTAGCTGG-1,RpMØ
CATACGGCGTCTGGGC-1,B cell
CATACTATGTAATTGT-1,MZMØ
CATAGCCGCCCGGGAT-1,MMMØ
CATAGCGTTGCCCACC-1,B cell
CATAGTACATTGAGAG-1,T cell
CATAGTAGCATAGTAG-1,B cell
CATAGTCCACAAGAAC-1,MZMØ
CATATACTACTGATAA-1,B cell
CATATAGGTACAGTCA-1,B cell
CATATGTCAGGCTACG-1,B cell
CATATTATTTGCCCTA-1,T cell
CATCAAACTGGCGCCC-1,RpMØ
CATCATCTACCCGGAC-1,T cell
CATCGCCCGCGGCCAA-1,RpMØ
CATCGGACGGGTTAAT-1,MZMØ
CATCTACCCGAGAACG-1,B cell
CATCTATCCCGTGTCT-1,B cell
CATCTTACACCACCTC-1,MZMØ
CATGAACCGACATTTG-1,RpMØ
CATGAACCTCTTATCA-1,RpMØ
CATGATGCACAATTCT-1,T cell
CATGCACGTGTTACTG-1,B cell
CATGCATGGAGACCCT-1,RpMØ
CATGCCAACTCGCAAA-1,B cell
CATGCGACCAGTTTAA-1,RpMØ
CATGCGTTAGACAGAA-1,MMMØ
CATGCTGGCTCCAATT-1,RpMØ
CATGGAAATGGGACCA-1,B cell
CATGGCAGGAAGATCG-1,T cell
CATGGGTCGGGTGTGG-1,B cell
CATGGTAAGTAGCGTT-1,B cell
CATGGTCTAGATACCG-1,B cell
CATGTAGGAGCGCCAA-1,MMMØ
CATTACATAGATTGTG-1,RpMØ
CATTACGTCGGCCCGT-1,B cell
CATTATGCTTGTTGTG-1,MZMØ
CATTCACTGACAGCTA-1,RpMØ
CATTGATGAACACGCC-1,RpMØ
CATTGCAAAGCATAAT-1,B cell
CATTGCGAAATGGGCG-1,MZMØ
CATTGCGGGTCAATTC-1,RpMØ
CATTTAGCGGACCATG-1,RpMØ
CATTTATCGTTCAAGA-1,B cell
CATTTGAGTGGTACGT-1,MZMØ
CCAAACAGAACCCTCG-1,B cell
CCAACGATGCACTGAT-1,B cell
CCAACGCTTGCCAGGG-1,T cell
CCAAGAAAGTGGGCGA-1,B cell
CCAAGACTTCTGCGAA-1,MMMØ
CCAAGCGTAACTCGTA-1,B cell
CCAAGGAACAGAGAGG-1,MZMØ
CCAATAGTGCCGTCGA-1,MMMØ
CCAATCGGTAGATCGA-1,MZMØ
CCAATGTCACAGCAAG-1,MZMØ
CCAATTACGGGTCGAG-1,RpMØ
CCAATTGAATGTTAAT-1,B cell
CCACAATGTACGTCTT-1,T cell
CCACACTGAGATATTA-1,MZMØ
CCACCAACTTTACTGT-1,B cell
CCACCCAAGGAAAGTG-1,T cell
CCACGAGAAGAGAATC-1,B cell
CCACGGAGCCATAAGA-1,MMMØ
CCACTGGTGGCTGGTT-1,MMMØ
CCAGAAAGCAACTCAT-1,B cell
CCAGAGACAAAGCCGG-1,RpMØ
CCAGATAGTTGAGTGA-1,T cell
CCAGATGTAAATGGGT-1,RpMØ
CCAGCCTGGACCAATA-1,B cell
CCAGCTGATGGTACTT-1,B cell
CCAGCTTCCGCCCGCA-1,RpMØ
CCAGGGACGTGGCCTC-1,MZMØ
CCAGTAGTCTGATCCA-1,B cell
CCAGTCAAATCTCTTA-1,RpMØ
CCAGTCTAGACGGCGC-1,MZMØ
CCATAAACAACCCGAC-1,T cell
CCATAACCTGTGCAGT-1,RpMØ
CCATACCTTTACTTGT-1,RpMØ
CCATAGGTTGGCGTGG-1,MZMØ
CCATCATAAGAACAGG-1,MMMØ
CCATCCATACCAAGTC-1,RpMØ
CCATCGCAGTTAAACT-1,MZMØ
CCATCTCACCAGTGAA-1,RpMØ
CCATGCCTGTTTAGTA-1,B cell
CCATGCTCTGCAGGAA-1,B cell
CCATGGCCCTTGTACC-1,MZMØ
CCATTAGCGATAATCC-1,T cell
CCATTCCCTGCCCACA-1,B cell
CCCAAACATGCTGCTC-1,B cell
CCCAACATACGTCGCG-1,MZMØ
CCCAACCACACTAACA-1,RpMØ
CCCAAGAATGCACGGT-1,T cell
CCCAATGAGATTTGCA-1,B cell
CCCAATTTCACAACTT-1,T cell
CCCACTCCACGGTATC-1,RpMØ
CCCAGAGGAGGGCGTA-1,MZMØ
CCCAGTAAACTTGGGA-1,B cell
CCCAGTTAAGGCGCCG-1,RpMØ
CCCGAAGTTTCGCGAA-1,RpMØ
CCCGACCATAGTCCGC-1,T cell
CCCGCAGCGCGAACTA-1,B cell
CCCGCAGGGCCCAAAG-1,B cell
CCCGCCATGCTCCCGT-1,T cell
CCCGCTAGAGGGTTAA-1,RpMØ
CCCGGTGGAAGAACCT-1,B cell
CCCGGTGTATCGGAAT-1,MZMØ
CCCGTAAGTCTAGGCC-1,MZMØ
CCCGTAGCTGGGAAGA-1,B cell
CCCGTCAGCGTCTGAC-1,MMMØ
CCCGTGAGGGCGGTGA-1,RpMØ
CCCTAGGCAACAAGAG-1,RpMØ
CCCTATGTAGAGCAGA-1,RpMØ
CCCTCATTCTGGAATT-1,RpMØ
CCCTGAAATGAGTTGA-1,B cell
CCCTGACTAACAAATT-1,MZMØ
CCCTGCCCAATCCGCT-1,B cell
CCCTGCGCTACGCATA-1,MZMØ
CCCTGGCTGTTCCTTC-1,RpMØ
CCCTGGTATGGGCGGC-1,MZMØ
CCCTTTGACAGGTCTT-1,B cell
CCGAACACTGGGCCTC-1,MMMØ
CCGAACCTTCCCGGCC-1,B cell
CCGAAGTATATTGTTC-1,RpMØ
CCGACAAAGGGAGTGC-1,MMMØ
CCGACGGGCATGAGGT-1,B cell
CCGACGTAAACACAAC-1,MMMØ
CCGACTCGCATAGTCT-1,MZMØ
CCGAGCTGTGCTTGTC-1,MZMØ
CCGATTCGAGGGACCC-1,T cell
CCGATTGGTCAATGAA-1,B cell
CCGCACAAAGACCAAC-1,T cell
CCGCACGTGACCTCGG-1,MMMØ
CCGCATGTGGTACGAT-1,RpMØ
CCGCCGGAACTTCTCG-1,RpMØ
CCGCCGGTCAACACAC-1,B cell
CCGCCTGCGAATTGGT-1,RpMØ
CCGCCTTGCGATGTCG-1,RpMØ
CCGCGATTTGGTAGGT-1,RpMØ
CCGCGGAATGCGTCAC-1,T cell
CCGCGGGTACGAAGAA-1,MZMØ
CCGCGTAGGTAAGGGC-1,MZMØ
CCGCTATCAGCACCAG-1,MMMØ
CCGCTGGTGCCATTCA-1,MZMØ
CCGCTTACCTCACTCT-1,B cell
CCGCTTGCTGACATGG-1,RpMØ
CCGGAATGGTTTCAGT-1,T cell
CCGGAGCGTACTTTCT-1,RpMØ
CCGGAGGTCTTATGGT-1,MZMØ
CCGGCGCATATTGGAT-1,B cell
CCGGCGTGAGACTCTG-1,RpMØ
CCGGGACCCGCAGAGA-1,B cell
CCGGGCGGTCTCGTCA-1,B cell
CCGGGCTGCTCCATAC-1,MZMØ
CCGGGTTCGAGGTTAC-1,T cell
CCGGTTTGTAATTGTG-1,B cell
CCGTAAGTTGGTCCCA-1,T cell
CCGTATCTCGTCGTAG-1,MMMØ
CCGTATTAGCGCAGTT-1,MZMØ
CCGTGCCCATGACGGC-1,MZMØ
CCGTGGAACGATCCAA-1,MZMØ
CCGTGTTAAATTCCAT-1,T cell
CCGTTACGTTAGAACA-1,T cell
CCGTTCCGAATCTCGG-1,MMMØ
CCTAAAGGCTGACGCT-1,MZMØ
CCTAAATTAACGGTTC-1,B cell
CCTAACTAAGGCTCTA-1,MZMØ
CCTACAAGTCCGGAAT-1,RpMØ
CCTACATTCACAGACG-1,MMMØ
CCTACGCGACCTTACA-1,B cell
CCTACGGCTCAGTCGA-1,RpMØ
CCTACTGCGGCGGCCA-1,RpMØ
CCTACTGCTTACACTT-1,MZMØ
CCTAGGCGTAGCGATC-1,RpMØ
CCTAGGTAAAGGTAGC-1,RpMØ
CCTAGTTAGTCGCATG-1,T cell
CCTATACCGTCCTGTC-1,T cell
CCTATCTATATCGGAA-1,MMMØ
CCTATGGCTCCTAGTG-1,RpMØ
CCTATGGGTTACCGTC-1,T cell
CCTCACCAATCTTGAC-1,B cell
CCTCACCTGAGGGAGC-1,RpMØ
CCTCACCTTAGCATCG-1,RpMØ
CCTCCCGACAATCCCT-1,MZMØ
CCTCCGACAATTCAAG-1,MZMØ
CCTCCTGAGCCCACAT-1,RpMØ
CCTCGAAGTGGACGGG-1,T cell
CCTCGCCAGCAAATTA-1,B cell
CCTCGCGCGATATAGG-1,MZMØ
CCTCGCGCTGTGCGAT-1,RpMØ
CCTCGGACCGGGATAG-1,RpMØ
CCTCGGATGCTACCTG-1,RpMØ
CCTCGTTACGCCTGTT-1,MZMØ
CCTCTAATCTGCCAAG-1,T cell
CCTCTATCGATTAGCA-1,MMMØ
CCTCTCTCCCATCTAG-1,MMMØ
CCTCTGGCCTAGACGG-1,T cell
CCTCTGTACTATTCTA-1,RpMØ
CCTGAACGATATATTC-1,MZMØ
CCTGAATATTTACATA-1,B cell
CCTGACCACCGATGGT-1,MMMØ
CCTGACGCAACCTTTA-1,B cell
CCTGCCCGTTGTCTAG-1,RpMØ
CCTGCGTTCTACGCTT-1,RpMØ
CCTGCTATTTGAGAAG-1,MZMØ
CCTGGCTAGACCCGCC-1,MZMØ
CCTGTAAGACATGATA-1,T cell
CCTGTACTCACGCCCA-1,MZMØ
CCTGTCACCCGGGCTC-1,T cell
CCTGTCGCCCGTAAAT-1,MZMØ
CCTGTGCGGATTGTAA-1,B cell
CCTTCAGTTAAAGTGA-1,RpMØ
CCTTCTCAGCGTTCCT-1,MZMØ
CCTTCTTGATCCAGTG-1,MMMØ
CCTTTAAGGGAGCACT-1,RpMØ
CCTTTCAATGAAGAAA-1,B cell
CGAAACATAGATGGCA-1,B cell
CGAAACGCAATTCATG-1,B cell
CGAACATAGTCAGAAA-1,RpMØ
CGAACCCGCATGCGTC-1,MMMØ
CGAACGCCCAGTGCCG-1,T cell
CGAACGGCCGGACAAC-1,B cell
CGAAGCTATAAATTCA-1,MZMØ
CGAAGTTGCTCTGTGT-1,MMMØ
CGAATCTGCTCGACGC-1,RpMØ
CGAATGAAGTCATTGC-1,RpMØ
CGAATTACATGGTGTT-1,B cell
CGACACCGCTTAAGGA-1,RpMØ
CGACAGTTCGCGTTAT-1,B cell
CGACATGCGATCTTCT-1,RpMØ
CGACCCTTAACGCCGG-1,MZMØ
CGACGCATCCGTACCT-1,RpMØ
CGACTCAGGATGTTAT-1,MZMØ
CGACTCGGTACACGGT-1,B cell
CGAGACCCTAGAGTGT-1,T cell
CGAGAGATGTGAACCT-1,T cell
CGAGAGCGCGTAGATA-1,RpMØ
CGAGCACTTCAAGTTT-1,RpMØ
CGAGCGTTGATCAGCC-1,RpMØ
CGAGCTGGGCTTTAGG-1,B cell
CGAGGAGCTTCCATAT-1,RpMØ
CGAGGCTAAATATGGC-1,T cell
CGAGGGACTGCGGTCG-1,B cell
CGAGTACTAAAGAGGA-1,MZMØ
CGAGTGAAGGTACCAG-1,B cell
CGAGTTCTGTCCCACC-1,B cell
CGAGTTTATCGGACTG-1,RpMØ
CGATACCTCGCGGACA-1,MMMØ
CGATCATTAGAGGCAC-1,MMMØ
CGATCCGACCCAGTGC-1,MZMØ
CGATCTGTTGGAGGAC-1,B cell
CGATGGACCCTACGCC-1,MZMØ
CGATGTTGTTATCTAC-1,RpMØ
CGATTAAATATCTCCT-1,RpMØ
CGCAAACACGAGTTAC-1,B cell
CGCAATTACTTTCGGT-1,MMMØ
CGCAATTAGGGTAATA-1,MZMØ
CGCAATTCTACAATAA-1,MMMØ
CGCACATGTCCACTAC-1,MZMØ
CGCAGAAACATTTGCG-1,RpMØ
CGCAGATCTTCACCCG-1,RpMØ
CGCATCATGGCTTCAG-1,T cell
CGCATGGTGCGATGCT-1,B cell
CGCATTAGCTAATAGG-1,MMMØ
CGCCAAGAAGCCGAGT-1,MMMØ
CGCCACAGGTCGCGAT-1,RpMØ
CGCCATCCGATTATGA-1,B cell
CGCCCAGCACGCCTAG-1,RpMØ
CGCCCGCTTCCGTACA-1,B cell
CGCCCTTACATCCACC-1,B cell
CGCCCTTGAAGGCTGA-1,RpMØ
CGCCGCCCATGCCTGT-1,B cell
CGCCGGTGTCGCAGTA-1,B cell
CGCCTCCCTCCTCTAT-1,B cell
CGCCTGGCCTACGTAA-1,MZMØ
CGCGAGAGGGACTTGT-1,MMMØ
CGCGAGTCTGCCGGGT-1,MZMØ
CGCGCAAATGTCCAGA-1,MZMØ
CGCGCATGTTTGATTG-1,B cell
CGCGCCCGACTTAATA-1,T cell
CGCGGGAATTAGGCAG-1,MZMØ
CGCGGTCACAAACCAA-1,B cell
CGCGTACATTCTGGAA-1,MZMØ
CGCGTTCATGAAATAC-1,MZMØ
CGCTACGGGACATTTA-1,B cell
CGCTATACCGCCCACT-1,RpMØ
CGCTATTCAATGTATG-1,MMMØ
CGCTATTCTTAGGCTC-1,MZMØ
CGCTCGACATAATGAT-1,B cell
CGCTCTCCGTAGATTA-1,B cell
CGCTGTGACGCCGCAC-1,MZMØ
CGCTGTGTGGATGTTG-1,B cell
CGCTTATTCCCGGTCG-1,MMMØ
CGCTTCCACTGAAATC-1,T cell
CGCTTTCATACCGGTG-1,MZMØ
CGCTTTCTTGCATTCG-1,MZMØ
CGGAAAGAATCAAACG-1,RpMØ
CGGAAATTTCACATCC-1,MMMØ
CGGAACGTAAACATAG-1,MZMØ
CGGACGTTACTTGAAG-1,RpMØ
CGGAGCAATTTAATCG-1,MZMØ
CGGAGCATGGCGATCC-1,MMMØ
CGGAGCTTATAACACC-1,T cell
CGGAGTTTGAGAGACA-1,MZMØ
CGGCAAACATCGTGCG-1,MMMØ
CGGCACCGTTAGCGCC-1,B cell
CGGCAGGGTCGGGTTG-1,B cell
CGGCCACGCACAAAGT-1,MMMØ
CGGCCCAACCTGTAGT-1,RpMØ
CGGCTCTTCGTCGAAC-1,T cell
CGGCTTTGTATGATAA-1,RpMØ
CGGGAATTTATGTAAA-1,T cell
CGGGATCAATGTAAGA-1,B cell
CGGGCAGCTAAACCGC-1,B cell
CGGGCCTTCTTTGTAA-1,MZMØ
CGGGTTCGGCACGTAT-1,MZMØ
CGGTACTAGAATCAAA-1,RpMØ
CGGTAGAGGTGCAGGT-1,MZMØ
CGGTATAGGTATTAGC-1,T cell
CGGTCAAGTGGGAACC-1,MZMØ
CGGTCCATGAGACTCC-1,RpMØ
CGGTCTATCAACCCGT-1,T cell
CGGTGAAGACTAAAGT-1,B cell
CGGTGCAGATAGAACG-1,T cell
CGGTGCGCGTTGGTCC-1,T cell
CGGTGGGCTCCAGCCT-1,MZMØ
CGGTGTACTTGATCCC-1,MZMØ
CGGTTATCCAACAGTG-1,MZMØ
CGGTTCAAGTAGGTGT-1,MZMØ
CGGTTGACCTGGCATA-1,MZMØ
CGGTTGAGTATCCTTC-1,RpMØ
CGGTTGGGTTCAAGTT-1,B cell
CGGTTTATGAAGGAAC-1,T cell
CGTACCTGATAGGCCT-1,B cell
CGTAGCGAATTGTCAG-1,T cell
CGTATTAAGAGATCTA-1,T cell
CGTATTGTTTCCTAAT-1,RpMØ
CGTCAAATGGTCGCAG-1,RpMØ
CGTCAAGGCTATAAAT-1,RpMØ
CGTCACGTCCATTGGT-1,T cell
CGTCAGTGCGCACAAG-1,RpMØ
CGTCGCTTGGTTATAC-1,RpMØ
CGTCGGATAGTGTTGA-1,MZMØ
CGTCGGGTCTAAGCGC-1,MMMØ
CGTCTGGAAGGGCCCG-1,MZMØ
CGTGAAGTTAATTCAC-1,MZMØ
CGTGACATTGGGTCGT-1,MZMØ
CGTGCATTGTCGACGC-1,B cell
CGTGCCCTCCCGAAGA-1,MMMØ
CGTGCTTCTACCTAAA-1,RpMØ
CGTGTCCCATTCGCGA-1,MZMØ
CGTGTCTCGTTACGAC-1,B cell
CGTTAGCTCACAACTG-1,MZMØ
CGTTCATGGTGCGCGT-1,B cell
CGTTCTTCGCACACCT-1,MMMØ
CGTTGAGCGACCGTCG-1,B cell
CGTTGAGTAATTGCGT-1,B cell
CGTTGTAAGATTGATT-1,RpMØ
CGTTGTTTCAATTCCC-1,MMMØ
CGTTTAAGCGGAGCAC-1,MMMØ
CGTTTACAAGGCAGCT-1,RpMØ
CGTTTCACTTCGGGCG-1,RpMØ
CGTTTCGCTCATTACA-1,MZMØ
CGTTTGTGTAGAGGGT-1,B cell
CTAAAGAATGCCTACT-1,T cell
CTAAAGGGAAATAGGA-1,T cell
CTAAATCCGGTGTACA-1,B cell
CTAAATCCTATTCCGG-1,MZMØ
CTAACCGCGCGCCCGT-1,T cell
CTAACGAAACTTGCTG-1,MMMØ
CTAACTGGTCCGGTTC-1,B cell
CTAAGGGAATGATTGG-1,B cell
CTAAGTACAGGGCTAC-1,B cell
CTAATTATGAAGCGTA-1,RpMØ
CTAATTCGCACGCGCT-1,B cell
CTAATTCTCAGATATT-1,B cell
CTAATTTCAACAACAC-1,RpMØ
CTACAAGAAATAACCC-1,T cell
CTACCCTAAGGTCATA-1,B cell
CTACGAACTAGGTCGA-1,RpMØ
CTACGACTAGCTATAA-1,MZMØ
CTACGCACGGAGTACC-1,B cell
CTACGCCATTTCCGAT-1,MMMØ
CTACTATCATAGGTTT-1,B cell
CTACTATCTTTCAGAG-1,MZMØ
CTACTCAAGGTATAGT-1,B cell
CTACTCTAGGCCCGGC-1,MZMØ
CTACTGCCACCTGACC-1,B cell
CTAGACATATATGTAG-1,MZMØ
CTAGACTGCATTTCGT-1,T cell
CTAGATGTGAGTGTAA-1,RpMØ
CTAGATTTACGACGGC-1,B cell
CTAGCATAGTATAATG-1,MZMØ
CTAGCCGATGTTATGA-1,MZMØ
CTAGTATTCGGAATTA-1,MZMØ
CTAGTCACGTCTTAAG-1,B cell
CTAGTGAAGGACAGGA-1,B cell
CTAGTTACAACCCGGT-1,RpMØ
CTAGTTGGGCCCGGTA-1,T cell
CTATAAGAGCCAATCG-1,MZMØ
CTATAGGCGTTGATGT-1,MMMØ
CTATCGGGTCTCAACA-1,B cell
CTATGTCACTAGCCCA-1,MZMØ
CTATGTCTATTGAAAC-1,T cell
CTATGTGAGTCACGGC-1,MMMØ
CTATTCATGTGTCCCA-1,RpMØ
CTATTGTGTTTGGTCA-1,MMMØ
CTATTTGGTTACGGAT-1,MMMØ
CTCAAACCACTGCCCG-1,RpMØ
CTCAAGACATTAGCGC-1,MZMØ
CTCACACGCAAGCCTA-1,RpMØ
CTCACCGATCCAAACT-1,MMMØ
CTCACTTGGCTGGTAA-1,MZMØ
CTCAGATTGTGATAAG-1,RpMØ
CTCAGGACTCACCTGT-1,RpMØ
CTCAGTCACGACAAAT-1,B cell
CTCATGGCTCACAATC-1,MZMØ
CTCATGGTAATTTGCG-1,B cell
CTCATTTGATGGGCGG-1,MMMØ
CTCCCTCCTTTCGATC-1,MZMØ
CTCCGCCCACATGAGG-1,MZMØ
CTCCGGCCTAATATGC-1,B cell
CTCCTCCAGCTCACAC-1,RpMØ
CTCCTTTACGCAAGTC-1,RpMØ
CTCGAATGGAACGTAT-1,B cell
CTCGAGACATACGATA-1,RpMØ
CTCGAGGTCGAACAGT-1,T cell
CTCGATATTTGCGAGC-1,MZMØ
CTCGCACCTATATAGT-1,MZMØ
CTCGCATTGCATAGCC-1,RpMØ
CTCGGGTTCTCTGGCC-1,MZMØ
CTCGGTACCACTGCTC-1,B cell
CTCGGTCCGTAGCCTG-1,T cell
CTCGGTTGTCGGCCCT-1,RpMØ
CTCGTCGAGGGCTCAT-1,RpMØ
CTCGTTTCTAATGTTT-1,MMMØ
CTCTAATGCATTGATC-1,RpMØ
CTCTACACTGGCGATT-1,MMMØ
CTCTATTTGGCTGCAG-1,B cell
CTCTCACAATCGATGA-1,MMMØ
CTCTCTAACTGCCTAG-1,RpMØ
CTCTGCGAAGCAAGCA-1,RpMØ
CTCTGGACGCCTGGTG-1,T cell
CTCTGTTTGAGGATTC-1,T cell
CTCTTCTGGAAGTTAG-1,MZMØ
CTCTTGTCCCGCTTGG-1,MZMØ
CTGAAAGAGATCCGAC-1,B cell
CTGAATCCGAGACCTC-1,T cell
CTGAATTTATTGCCAG-1,MZMØ
CTGACTGCGCAGCTCG-1,RpMØ
CTGATAGTGTATCTCA-1,MMMØ
CTGCACAACTACATAT-1,RpMØ
CTGCACCTGGAACCGC-1,MMMØ
CTGCACTCCAGTACAG-1,RpMØ
CTGCCAAGGTTGGAAG-1,T cell
CTGCCATGCATCACAT-1,B cell
CTGCCTAGCCACCAAG-1,T cell
CTGCCTTTAATACCTT-1,MZMØ
CTGCGGGTGAAATGTT-1,MZMØ
CTGCGGTAGTCACGTG-1,MZMØ
CTGCGTTACGATATAA-1,MZMØ
CTGCTGAGGCCACGAA-1,B cell
CTGCTTTATGTCCGCG-1,MZMØ
CTGGAAATGGATGCTT-1,MMMØ
CTGGACGCAGTCCGGC-1,B cell
CTGGATTTACACTTGA-1,B cell
CTGGCATCCGAATGAG-1,B cell
CTGGCGACATAAGTCC-1,B cell
CTGGCGCACAGGTCTG-1,RpMØ
CTGGCTGGTTGTCAGT-1,MMMØ
CTGGGATAAATAATGG-1,MZMØ
CTGGGCACTAGTCGGA-1,B cell
CTGGGCCTGCTATATC-1,MZMØ
CTGGGCTATCCTTTGG-1,MZMØ
CTGGGTAGGCAGTTAA-1,MZMØ
CTGGGTTGAGTTAAAG-1,RpMØ
CTGGTAACACATAGAA-1,RpMØ
CTGGTAACGAGCTCTT-1,MZMØ
CTGGTCCTAACTTGGC-1,RpMØ
CTGTACTTCTTAGCAT-1,MMMØ
CTGTAGCCATCTCACT-1,B cell
CTGTATGGTGTAGAAA-1,MMMØ
CTGTCAAATGGCTCGG-1,MZMØ
CTGTCACGCCAGGCGC-1,T cell
CTGTGCAGGGTAGGTC-1,T cell
CTGTTACCCAATCTAG-1,MMMØ
CTGTTCACTGCCTGTG-1,B cell
CTGTTCATCTCACGGG-1,B cell
CTTAACTTCGAAGTAC-1,MZMØ
CTTACACGGTATTCCA-1,T cell
CTTACACTGGGAAATA-1,B cell
CTTAGCCTTCCACATG-1,T cell
CTTAGTAGGCCTACAG-1,RpMØ
CTTATGCGCTCAGGGC-1,RpMØ
CTTCAGTGGTCGCCTA-1,MMMØ
CTTCATAGCTCAAGAA-1,B cell
CTTCATTGTCAGTGGA-1,MZMØ
CTTCCGCTCCGTGAAG-1,MZMØ
CTTCCTGCATATTTAC-1,MMMØ
CTTCGTAGATAGGTGA-1,B cell
CTTCTATGTTGAAGTA-1,MZMØ
CTTCTATTAATGCTAG-1,T cell
CTTCTGGGCGTACCTA-1,RpMØ
CTTCTTACGTCGTATA-1,MMMØ
CTTGACCCGAAAGATA-1,RpMØ
CTTGAGTTAGGGTAAT-1,RpMØ
CTTGCAACCGCCTCCT-1,B cell
CTTGCCCAGGCTCTAC-1,B cell
CTTGTACTTGTTGACT-1,T cell
CTTGTCAACATTCGAG-1,B cell
CTTGTGCTCACCGATT-1,MZMØ
CTTGTTGCTGAGTCAA-1,MMMØ
CTTGTTTATGTAGCCA-1,RpMØ
CTTTAACTTTCAAAGG-1,MMMØ
CTTTAATATTGGTCGA-1,RpMØ
CTTTAGGAACACTGTT-1,RpMØ
CTTTAGTGCTATTATT-1,T cell
CTTTCTGTGCGGGCTT-1,RpMØ
CTTTGAAACATATTCC-1,B cell
CTTTGGCAGACAGAGT-1,B cell
CTTTGGCGCTTTATAC-1,B cell
CTTTGGCTTTAGTAAA-1,B cell
CTTTGGGATTGTTGCA-1,RpMØ
GAAACAGATGACCACC-1,RpMØ
GAAACAGCCATGCAGT-1,RpMØ
GAAACATAGGAAACAG-1,RpMØ
GAAACCATGGTGCGCT-1,RpMØ
GAAACCGAATTACCTT-1,T cell
GAAACCTATACAAATG-1,RpMØ
GAAACTCGTGCGATGC-1,MMMØ
GAAACTCTAATGAAGG-1,T cell
GAAAGCAGTGCACTTT-1,RpMØ
GAAAGCCCTTTGGACC-1,B cell
GAAAGTGACTAACTGC-1,T cell
GAAATACCTGCTGGCT-1,MMMØ
GAAATATCACCATCAG-1,MZMØ
GAAATATGCTTGAATG-1,MMMØ
GAAATCGCGCGCAACT-1,B cell
GAAATGGCGGTGTTAG-1,T cell
GAAATTAGCACGGATA-1,MZMØ
GAAATTCACATCGCTG-1,MZMØ
GAAATTGTCTCTATAA-1,T cell
GAACACACATCAACCA-1,B cell
GAACATTAGTATGTTA-1,T cell
GAACCTCGACCTACAC-1,RpMØ
GAACGACCGAATGATA-1,MMMØ
GAACGTCTCATGGTCG-1,RpMØ
GAACGTTAGGAAGACG-1,MMMØ
GAACTTAGCGCCCGGT-1,B cell
GAACTTGTGCACGGGA-1,RpMØ
GAAGAAACGATATTGT-1,MZMØ
GAAGAACGGTGCAGGT-1,RpMØ
GAAGCGTGAGGAATTT-1,MZMØ
GAAGCTCGGACCCGTC-1,MMMØ
GAAGCTTGCTGACCGC-1,MMMØ
GAAGGCTACCATTGTT-1,RpMØ
GAAGTCAGTTGCACTA-1,B cell
GAAGTCTCCCTAGCGA-1,RpMØ
GAAGTGATTTATCGTG-1,B cell
GAAGTGCTGGATAGCT-1,MZMØ
GAAGTTTCCACTCAAT-1,T cell
GAATAGACGCGACCCA-1,RpMØ
GAATAGCCCTGCGGTC-1,B cell
GAATAGTGCTCGATTA-1,B cell
GAATATTCGGAGTCCC-1,B cell
GAATCGACATGGTCAC-1,MZMØ
GAATCTATACTCGGAC-1,MZMØ
GAATCTGAACATTCTC-1,B cell
GAATGAAGGTCTTCAG-1,MZMØ
GAATGGGCTTATCGAC-1,RpMØ
GAATGTATGGCAGGTC-1,MZMØ
GAATGTGGTCCGGATT-1,RpMØ
GAATGTTGGGTAATCT-1,MMMØ
GAATTATAGTGAAAGG-1,B cell
GAATTCACCCGGGTGT-1,T cell
GAATTTCTCGCTGCAG-1,B cell
GACAACGACCATTGAA-1,T cell
GACAACGCAGCTTACG-1,T cell
GACACAAGGGAAGAAA-1,T cell
GACACGAGTTAGAGGA-1,RpMØ
GACACTGAGTTCAGTG-1,B cell
GACAGATTTCTGGCTC-1,RpMØ
GACAGCCAGACCTGAC-1,RpMØ
GACAGGCACACACTAT-1,T cell
GACATCGATTTATAAC-1,B cell
GACCAGAGCCCTGTAG-1,B cell
GACCCAATTATGATAC-1,MMMØ
GACCCGTCGCCGGCTA-1,RpMØ
GACCGACTGAAGCGTC-1,MMMØ
GACCGTCAGGTCGTGA-1,MZMØ
GACCGTGCTGACGGTG-1,MMMØ
GACCGTTACATGCGAC-1,RpMØ
GACGACGATCCGCGTT-1,RpMØ
GACGCCGTAAAGGCTA-1,B cell
GACGCTTGCTTCTAAA-1,T cell
GACGGGTTGGCCCGTA-1,RpMØ
GACGGTCAATAGAAGC-1,RpMØ
GACGTTCGTAAATACA-1,RpMØ
GACTAACACAGCACCT-1,MMMØ
GACTAAGATCATGCAC-1,MMMØ
GACTAAGTAGGCTCAC-1,MZMØ
GACTACAAAGCGGTGG-1,B cell
GACTACAATTGCTCGT-1,B cell
GACTCCCAGAATAAGG-1,RpMØ
GACTCCTTCCAATTGA-1,RpMØ
GACTCGCGGGAATGAC-1,RpMØ
GACTCGGTCGGCGGAT-1,MMMØ
GACTGATTGGTCACAA-1,T cell
GACTGCACCAGCCCAG-1,MZMØ
GACTGCGGCACGTGTA-1,RpMØ
GACTGGGCGCCGCAAC-1,B cell
GAGACCCTGCAACGCC-1,B cell
GAGACTGATGGGTAGA-1,B cell
GAGACTTCGCGACCGA-1,B cell
GAGAGGGCGCGAGGTT-1,MZMØ
GAGAGGTGCATTCTGG-1,MMMØ
GAGATCTGCTTGGCAT-1,MMMØ
GAGATCTGTCACTCCG-1,T cell
GAGATCTTCCATGACA-1,RpMØ
GAGATGGGAGTCGACA-1,RpMØ
GAGCATCAACAACTTG-1,B cell
GAGCCGAGCGTTTATT-1,B cell
GAGCGAGGGAGTACCG-1,B cell
GAGCGCTGTTAGGTAA-1,RpMØ
GAGCTAAGGGCATATC-1,B cell
GAGCTCTCGGACCTAA-1,RpMØ
GAGCTGTCGTCTCGGA-1,MZMØ
GAGGAATGGAGAGGTT-1,B cell
GAGGCATTTGCAGCAG-1,RpMØ
GAGGCCCGACTCCGCA-1,MMMØ
GAGGCTATCAAAGTCG-1,MZMØ
GAGGGCCATAATATTA-1,RpMØ
GAGGGCCGGCAGAGTC-1,MZMØ
GAGGGCGCAGCTCTGC-1,B cell
GAGGGTAGTAACAAAG-1,B cell
GAGGTACATCCATCTT-1,T cell
GAGGTCTTAGTGGGTC-1,B cell
GAGTAAGGCCACGGGA-1,B cell
GAGTACGGGTATACAA-1,RpMØ
GAGTATGCCCGCCTTG-1,T cell
GAGTCAGACCAGAATC-1,B cell
GAGTCCGCTTACCGGA-1,B cell
GAGTGCACGGACAACA-1,RpMØ
GAGTGTGCGGTACCCA-1,RpMØ
GAGTTGATGGCAATTT-1,MZMØ
GATAAATCGGTGGATG-1,RpMØ
GATAACTCGCACTGTG-1,RpMØ
GATACGATGGGAGTCA-1,B cell
GATAGGTAACGTTGAC-1,B cell
GATATCTCATGCAATA-1,B cell
GATATGAGACACTAAC-1,B cell
GATATGCGGTAGCCAA-1,RpMØ
GATATGGATTACGCGG-1,MZMØ
GATATTGAGATTGGCG-1,RpMØ
GATATTTCCTACATGG-1,RpMØ
GATCAACATAAAGGGA-1,B cell
GATCATTCCAAACATT-1,T cell
GATCCCTTTATACTGC-1,T cell
GATCCGGGAATTAACA-1,MZMØ
GATCCTAAATCGGGAC-1,MZMØ
GATCCTCGACACTGGC-1,MZMØ
GATCCTCTTGCGCTTA-1,B cell
GATCGACACTATCTGA-1,MZMØ
GATCGCGGGCTCTCCA-1,MMMØ
GATCGCTATATCTCAG-1,RpMØ
GATCGGATAGAACCAT-1,RpMØ
GATCGGTGGCCATAAC-1,T cell
GATCGTGACTGATATC-1,MMMØ
GATCTAACCGTATTCA-1,RpMØ
GATCTTGGAGGGCATA-1,T cell
GATCTTTGCAGGGTAT-1,MMMØ
GATCTTTGCTCAAAGA-1,RpMØ
GATGACAAGTAGGGCA-1,B cell
GATGACGATGATCGCG-1,MZMØ
GATGCCTTCTGCGGCA-1,RpMØ
GATGCGTCCTGCATTC-1,B cell
GATGCTACAAGCGCCT-1,T cell
GATGCTGTATTTCATC-1,B cell
GATGGCGCACACATTA-1,MZMØ
GATGGTGCCCTAGGCA-1,MMMØ
GATGTAACGAACCACC-1,MZMØ
GATGTCGGTCAACTGC-1,B cell
GATGTGTTGTCACAAG-1,T cell
GATGTTCAATCCACGA-1,B cell
GATGTTTGTGCGAGAT-1,MZMØ
GATTACTGAATTTGGG-1,B cell
GATTCCCTTGTCGCAG-1,MMMØ
GATTCCGCGTTTCCGT-1,T cell
GATTCCTATACGGCGC-1,MZMØ
GATTCGACGGTTCACG-1,T cell
GATTGCTCCAGTTGCA-1,RpMØ
GATTTAGTGCGTACTG-1,RpMØ
GCAAACCCTACATTAT-1,MZMØ
GCAAATATTACGCTTT-1,MZMØ
GCAAATGAGGACACTT-1,RpMØ
GCAACACACTAGAACT-1,MMMØ
GCAACCACCAGACCGG-1,RpMØ
GCAACCACGGCCGCGT-1,MZMØ
GCAAGAATTCCTTGGC-1,MZMØ
GCAAGATGTGTTCGCG-1,T cell
GCAAGTGCACAGAGAA-1,MZMØ
GCACAAACCCTAGATG-1,RpMØ
GCACAACCTCGGGCGT-1,RpMØ
GCACAAGTGTCGGAAG-1,MZMØ
GCACACGCCCATGGTC-1,RpMØ
GCACGCCTACTTAGAT-1,MMMØ
GCACTAGTCGCGCTAT-1,RpMØ
GCAGAAACGTAATCCA-1,B cell
GCAGATTAGGGATATC-1,MZMØ
GCAGCACACAGCCCAG-1,T cell
GCAGCTATGGACAGGT-1,B cell
GCAGGAACTTAGATCT-1,RpMØ
GCAGGACTATAGAATA-1,T cell
GCAGGTAGAGTATGGT-1,RpMØ
GCATACGAGGTCTTTA-1,RpMØ
GCATAGAGCACTCAGG-1,MZMØ
GCATCCCTAACTTTGA-1,MZMØ
GCATGAGGGACGCGGC-1,MZMØ
GCATTCAAGGCAACGC-1,RpMØ
GCATTCGAAATGAACA-1,RpMØ
GCATTGACTTGCGGAA-1,RpMØ
GCATTGTAATTCATAT-1,B cell
GCCAACCATTTCCGGA-1,B cell
GCCAAGAATACTTCTG-1,RpMØ
GCCAATAGGGCATCTC-1,MZMØ
GCCACAATTTAAGGAC-1,MZMØ
GCCAGGAGTAACCGAT-1,MZMØ
GCCAGGCGTTCGCATG-1,B cell
GCCATATTGCACACAG-1,MZMØ
GCCATCGAGCTGCGTG-1,T cell
GCCATTAGCCTCAAAC-1,RpMØ
GCCCAGTTGGTATGCC-1,T cell
GCCCATGGGTGCAATG-1,T cell
GCCCGACTTCTTCCCG-1,B cell
GCCCGATCTGTGGTCG-1,RpMØ
GCCCGCGCGTAAACGG-1,T cell
GCCCGCGCGTTTGACA-1,T cell
GCCCGTAATACCTTCT-1,MZMØ
GCCCTAGCCGTCGCGA-1,MZMØ
GCCGAAATTCCTACGT-1,MZMØ
GCCGACCCACGACTGC-1,MMMØ
GCCGATTGGCCAAGCT-1,B cell
GCCGCATTAGTCCGGC-1,B cell
GCCGCTAGATACGCAG-1,B cell
GCCGCTTGTGAGAAAC-1,MZMØ
GCCGGGTTAGGGTCGC-1,MZMØ
GCCTAGCGATCTGACC-1,T cell
GCCTATAGTGTCAGGG-1,MZMØ
GCCTATGCTGGGCCTT-1,MZMØ
GCCTATTCCGATATAG-1,MMMØ
GCCTGCTACACTGAGA-1,RpMØ
GCCTTCAGCCCTACCG-1,B cell
GCGAAACTTAACTGGA-1,RpMØ
GCGAAGCCATACCCGT-1,B cell
GCGACCCAACCATCTG-1,B cell
GCGACGATAGTTGTAC-1,B cell
GCGAGAGGCCATGTAA-1,MZMØ
GCGAGGCCCGAGCAGA-1,B cell
GCGAGTTCTGCAAAGA-1,MZMØ
GCGATTCTGGAAGCAG-1,B cell
GCGATTGTTAACGTTA-1,B cell
GCGCAAATATATTCAA-1,MZMØ
GCGCATCCAGTCAGCA-1,MZMØ
GCGCCGTTCCACGATA-1,B cell
GCGCTAAGTATGCATG-1,B cell
GCGCTAATTGAATAGA-1,B cell
GCGCTATGCCGAGGCA-1,B cell
GCGCTGATCCAGACTC-1,MMMØ
GCGCTGCTTTGCATTT-1,MZMØ
GCGGACCGCGTTGTGG-1,T cell
GCGGAGAAACTTCGCA-1,B cell
GCGGAGAGGGAGAACG-1,RpMØ
GCGGCAAAGTATTGCC-1,MMMØ
GCGGCTCTGACGTACC-1,T cell
GCGGGAACCAGGCCCT-1,B cell
GCGGGCGAGCCTTACC-1,MMMØ
GCGGTCCCGGTGAAGG-1,MZMØ
GCGGTCCCTAGACGCA-1,RpMØ
GCGGTGAACTGCGCTC-1,MZMØ
GCGGTTCCCTATCATG-1,T cell
GCGTAAATGGCCATAA-1,RpMØ
GCGTCGAAATGTCGGT-1,B cell
GCGTCGCCAGGGTGAT-1,RpMØ
GCGTCTCTGCATTGGG-1,B cell
GCGTGGTACTGGGTTA-1,MZMØ
GCGTTATATTTGGAAC-1,RpMØ
GCGTTCGGAGACCGGG-1,T cell
GCTAAACCTGAGGTGA-1,RpMØ
GCTAAGTAAAGGCGAT-1,RpMØ
GCTAAGTAGTTTCTCT-1,B cell
GCTAATACCGAATGCC-1,B cell
GCTACAGTACGGACCG-1,MMMØ
GCTACGACTTATTGGG-1,T cell
GCTAGCAGGGAGTGGG-1,MZMØ
GCTAGCGATAGGTCTT-1,RpMØ
GCTAGCTTGAATAGCT-1,T cell
GCTAGTAGAGCTTGTA-1,B cell
GCTAGTTTCATTGAGG-1,MMMØ
GCTATCGCGGCGCAAC-1,RpMØ
GCTCAATCCGTTTATT-1,T cell
GCTCATTACTGCATGT-1,RpMØ
GCTCCGGACGTTGATA-1,B cell
GCTCCTGACATACTGG-1,B cell
GCTCGGAATTTAAAGC-1,MZMØ
GCTCTAAACCCTGACG-1,T cell
GCTCTATGTTACGTGC-1,MZMØ
GCTCTCGGGTACCGAA-1,T cell
GCTGAATCTTCCAATC-1,RpMØ
GCTGAGGCGTGAGTAT-1,B cell
GCTGCACGGTTTCTTA-1,MMMØ
GCTGCTAAGTAGTCGA-1,RpMØ
GCTGCTACTGCGTAGC-1,RpMØ
GCTGCTCTCCGGACAC-1,MZMØ
GCTGGACCCAAAGTGG-1,MMMØ
GCTGGCATATTCACCT-1,MZMØ
GCTGGCGGCGCATGCT-1,RpMØ
GCTGGTGACTCGTAGT-1,RpMØ
GCTGGTTTAGGCCATA-1,RpMØ
GCTGTATTACTGGCCC-1,MZMØ
GCTGTCTGTGATCGAC-1,MZMØ
GCTGTTGCTACCGAAC-1,RpMØ
GCTTAATGTAACTAAC-1,RpMØ
GCTTAGGGAAGCGGTA-1,MMMØ
GCTTATGAAGCAGGAA-1,MZMØ
GCTTCAGTGGGATTAC-1,B cell
GCTTCCGTCCCTAGAC-1,MZMØ
GCTTGATGATAATCAG-1,T cell
GCTTGCAGCACAATTG-1,RpMØ
GCTTGGATCGATTAGG-1,MZMØ
GCTTTCAGAGGAGGTG-1,MZMØ
GGAAACCTTGTTGAAT-1,MZMØ
GGAAAGTGCCCATGCC-1,MMMØ
GGAACCGTGTAAATTG-1,MZMØ
GGAACCTTGACTCTGC-1,RpMØ
GGAAGCTCGCTTACAG-1,B cell
GGAATGCGCTAGCGTG-1,MZMØ
GGACCAACAGGATAAC-1,B cell
GGACCTACGGTAACGT-1,T cell
GGACCTCTAGGCCGCC-1,MZMØ
GGACGGCTTGCGCAAC-1,B cell
GGACGTCCATAGTTGG-1,MMMØ
GGACTCGTGAGTGGTC-1,RpMØ
GGAGAAGTCATTGGCA-1,MZMØ
GGAGACCAATGTGCTT-1,RpMØ
GGAGACCATCTACATA-1,RpMØ
GGAGACGACACCTTTG-1,T cell
GGAGCACCAAGAACTA-1,MZMØ
GGAGGATTGAAAGGAG-1,MMMØ
GGAGGCGAAGAACCGC-1,B cell
GGAGGGCTTGGTTGGC-1,T cell
GGAGTGCCGCCCTGGA-1,T cell
GGATCATCCCGTACGC-1,B cell
GGATCCGGAATATACT-1,MZMØ
GGATCTTACTGCCCTT-1,RpMØ
GGATCTTGACTCAACC-1,MZMØ
GGATGACGCGAGTTTA-1,T cell
GGATGCTGGCGTTCCT-1,MMMØ
GGATGTCCTTACCGCA-1,MZMØ
GGATTAAGCTAAGGTC-1,B cell
GGATTCAGTACGGTGG-1,B cell
GGATTCCGCTATACCC-1,B cell
GGATTTCACTTCTATA-1,MZMØ
GGCAAAGGCGCCAATA-1,T cell
GGCAAATTACTTTACT-1,MZMØ
GGCAAGCCAGGGATAG-1,RpMØ
GGCAAGGCGAAATAGC-1,T cell
GGCAATAGTCAATGAG-1,T cell
GGCACTCCACTGGGCA-1,MZMØ
GGCAGCGGTAATCCTA-1,MZMØ
GGCATACAGGTAGCGG-1,T cell
GGCATATCGGTTCTGC-1,T cell
GGCCCAATCTAGAGGG-1,MZMØ
GGCCCAGTTATCAGCA-1,B cell
GGCCCTCACCCACTTA-1,MMMØ
GGCCGAGACTCTGGTG-1,MZMØ
GGCCGTTTGGGTTTCA-1,B cell
GGCCTTTGCAACTGGC-1,RpMØ
GGCGAAATCTAACTTG-1,RpMØ
GGCGAACCGTTCTGAT-1,RpMØ
GGCGAGCGAAACGGCA-1,RpMØ
GGCGCAGGACATCTTC-1,MZMØ
GGCGCATGAATTGATG-1,MZMØ
GGCGCGTTCGAGTTTA-1,B cell
GGCGGAGTAATATTAG-1,MZMØ
GGCGGTAGGATCATTG-1,MMMØ
GGCGTCCTATCCGCTG-1,MZMØ
GGCTAAAGGGCGGGTC-1,B cell
GGCTAATGATTGAAAT-1,B cell
GGCTATTAAGTTGTAT-1,B cell
GGCTCCTCCACCTGTT-1,B cell
GGCTCGCGTTGAGGTA-1,B cell
GGCTCGTGCCACCAGC-1,T cell
GGCTCTGCTCCAACGC-1,B cell
GGCTGAAATAGCAAAG-1,RpMØ
GGCTGAGCATCGTAAG-1,T cell
GGGAACGGGAGGTTAG-1,T cell
GGGAACGGTTTCAGAT-1,RpMØ
GGGAATGAGCCCTCAC-1,MZMØ
GGGACAGAGTTACTCC-1,B cell
GGGACCCGTATATCTT-1,MZMØ
GGGACTGCATAGATAG-1,MMMØ
GGGAGAACTCACAGTA-1,T cell
GGGAGGATGCCCGAAA-1,MMMØ
GGGAGTTAATGAGGCG-1,T cell
GGGATCCCAATACAAA-1,B cell
GGGATGGTCGTAACCG-1,MMMØ
GGGATTTACCGCACCT-1,RpMØ
GGGCAACCGCACGTGC-1,B cell
GGGCAGACGTCACTGC-1,RpMØ
GGGCAGAGCAATCGTT-1,RpMØ
GGGCCCGTCTTAAACA-1,MZMØ
GGGCCCTACGAAAGGG-1,MZMØ
GGGCCGGCCGAAGTAC-1,MZMØ
GGGCCTAAATGGGCTA-1,RpMØ
GGGCCTATTTAAGTAT-1,MMMØ
GGGCGATATGTGTGAA-1,T cell
GGGCGGCAAATGAATT-1,B cell
GGGCGGGTTCCCTACG-1,MZMØ
GGGCGTACATTTATAT-1,MMMØ
GGGCGTCACCACGTAA-1,B cell
GGGCGTCCACTGGCTC-1,B cell
GGGCGTTTACATTCAT-1,RpMØ
GGGCTACTATTTCGTG-1,RpMØ
GGGCTATGATCGATGG-1,RpMØ
GGGCTCATCGAACCCA-1,MZMØ
GGGCTGCCTAGGGCGA-1,B cell
GGGCTGGTTAGTCGCG-1,T cell
GGGTACTTCATGAACT-1,MZMØ
GGGTATGTATGCACTT-1,B cell
GGGTATTCTAGCAAAC-1,MZMØ
GGGTCACCGTGACGGT-1,MZMØ
GGGTCACGTGCTTATG-1,B cell
GGGTCGTGGCAAGTGT-1,MZMØ
GGGTGACACCTTAACT-1,B cell
GGGTGGTCCAGCCTGT-1,B cell
GGGTGTTTCAGCTATG-1,B cell
GGGTTAACATTTGAGT-1,B cell
GGTAAATGTGCGTTAC-1,B cell
GGTAACCGGGAGGATA-1,MZMØ
GGTAACTATGTATCTG-1,RpMØ
GGTACAAACATGCTAT-1,MMMØ
GGTACACCAGATTTAT-1,RpMØ
GGTACATCTGGGACGA-1,B cell
GGTACCATTAAGACGG-1,RpMØ
GGTAGAAGACCGCCTG-1,RpMØ
GGTAGACCGTTGGGCG-1,B cell
GGTAGTGCTCGCACCA-1,T cell
GGTATTGCCGAGTTTA-1,MMMØ
GGTCAGTGGGTCCCAC-1,MMMØ
GGTCATTGTAGTCATA-1,MZMØ
GGTCCCATAACATAGA-1,B cell
GGTCGGATAAACGGCG-1,MZMØ
GGTCGGCCAGGAGCTT-1,MMMØ
GGTCGGTCGTCCACAG-1,MZMØ
GGTCGTAAGCTCGCAC-1,MMMØ
GGTCTCTGAATGGACT-1,B cell
GGTCTGAGAATCTGGA-1,MZMØ
GGTGAAGTACAGGGAT-1,T cell
GGTGAGATGCAGATAA-1,B cell
GGTGATAAGGAGCAGT-1,B cell
GGTGCAGAGCCTATCG-1,T cell
GGTGCGGATAAGTGGC-1,MZMØ
GGTGCTGATCACAAAG-1,B cell
GGTGCTGGTACACATT-1,T cell
GGTGGACCACGTGTTA-1,MZMØ
GGTGTTCTGTTTCTAC-1,B cell
GGTTACCACCCTCGGG-1,MZMØ
GGTTAGGCTTGGAGAA-1,B cell
GGTTAGTTACGGCGCC-1,MMMØ
GGTTCCACCCGCTTCT-1,T cell
GGTTCGATGCTGAGTT-1,MMMØ
GGTTCGGATTATACTA-1,RpMØ
GGTTGTGTAGCCTGGC-1,RpMØ
GGTTTAATTACCATCG-1,MZMØ
GGTTTAATTGAGCAGG-1,RpMØ
GGTTTACAATCTCAAT-1,B cell
GGTTTCAATCGGTCAG-1,MMMØ
GGTTTGACAAGAAGCT-1,T cell
GGTTTGCGAACACGTA-1,B cell
GTAACAACTGACCTTG-1,RpMØ
GTAAGCGGGCAGTCAG-1,MMMØ
GTAAGGATTTGTCGGA-1,B cell
GTAAGTAACAGTCTGG-1,B cell
GTAAGTAGGGTATACC-1,B cell
GTAATAAAGGGCTCCC-1,RpMØ
GTAATCTGATTCTTCG-1,T cell
GTACACTTACCTGAAG-1,MZMØ
GTACAGAGGCAAGGGT-1,MZMØ
GTACGAGATTGCGACA-1,B cell
GTACGCTTCATTGCAC-1,B cell
GTACGTCACGTATTAA-1,T cell
GTACGTTTGCCCGTCA-1,T cell
GTACTAAGATTTGGAG-1,MZMØ
GTACTCCCTTATCGCT-1,MZMØ
GTACTCCTGGGTATGC-1,MZMØ
GTACTGAGGTCGTAAC-1,RpMØ
GTACTGGAGTTAGACC-1,MZMØ
GTACTTGGGCACTTCT-1,B cell
GTAGAAACGGGTGGAG-1,RpMØ
GTAGACGTCGTTACAT-1,RpMØ
GTAGAGGGAGACAAGT-1,MMMØ
GTAGCCAAACATGGGA-1,B cell
GTAGCGGCTATACACT-1,MZMØ
GTAGCTAGTAAGCGCG-1,RpMØ
GTAGCTCCGGGAGGCT-1,RpMØ
GTAGCTTCCTCTTGTT-1,MMMØ
GTAGGTGATCCGTGTA-1,B cell
GTAGTTAGACAATATA-1,MZMØ
GTAGTTCGAAGGCGAA-1,RpMØ
GTATAGGACTCAGTAG-1,B cell
GTATAGTGGCCCATGT-1,B cell
GTATCAGCTTGGGTTC-1,B cell
GTATCTCAGTCTTGAC-1,RpMØ
GTATCTTTCATAACCA-1,T cell
GTATGAAATTTCACTC-1,MMMØ
GTATGTGGGTCTAGTT-1,RpMØ
GTATTAAGGCGTCTAA-1,RpMØ
GTATTAGGGTTCGCGT-1,RpMØ
GTATTCTGAGAAACGA-1,T cell
GTCAAAGAAGTGGTGT-1,B cell
GTCAAGCGGACTCGGG-1,MMMØ
GTCAATGCTATAATTT-1,RpMØ
GTCACAAAGTTTCCAA-1,RpMØ
GTCACCTGTCTATGTC-1,B cell
GTCACTCTCCAAATCT-1,B cell
GTCAGAATAGTCTATG-1,MMMØ
GTCAGTTGTGCTCGTT-1,B cell
GTCAGTTTGGTAGTCG-1,RpMØ
GTCATGCACCTCCGTT-1,B cell
GTCATGGACATGACTA-1,T cell
GTCATTAGAGCGAACG-1,MMMØ
GTCATTGCATTGACCC-1,MMMØ
GTCCCAACGTAAAGTA-1,B cell
GTCCGGCTGAATTGCG-1,MZMØ
GTCCTACTCTACGGGC-1,RpMØ
GTCCTTCTAGTGGGTT-1,B cell
GTCCTTTAATGACTTC-1,MZMØ
GTCGCCGTTGTGTGTT-1,B cell
GTCGCGTAACCCGTTG-1,MZMØ
GTCGGAAGGATACCAG-1,B cell
GTCGGATATCTCAGAC-1,MMMØ
GTCGGATGTAGCGCGC-1,T cell
GTCGGGAACATGGTAG-1,RpMØ
GTCGTACCATCTCGGG-1,B cell
GTCGTACCTACGATTG-1,RpMØ
GTCGTATTGGCGTACA-1,MZMØ
GTCGTCAATTATAAGG-1,RpMØ
GTCGTTATTCGCTTAT-1,MZMØ
GTCTACTCAATTACAA-1,MZMØ
GTCTATCTGAGTTTCT-1,MMMØ
GTCTCCTGCCAGTATG-1,RpMØ
GTCTCGACTAAGTTTG-1,RpMØ
GTCTCGATCTGCTTTC-1,MMMØ
GTCTGGGCGGTCGAGA-1,MZMØ
GTCTTAGTACAGCCGG-1,MMMØ
GTGAAACGGCGCCACC-1,MZMØ
GTGAACTCCCATTCGA-1,RpMØ
GTGAAGATTTCAAGTG-1,MMMØ
GTGAAGCCGTATAGTC-1,MZMØ
GTGAAGTCACGACTCG-1,RpMØ
GTGACCGCACACTACG-1,RpMØ
GTGACTTCAGTAGTGC-1,T cell
GTGAGCGTGCTGCACT-1,MZMØ
GTGAGGACACTTAAGG-1,B cell
GTGAGGAGCGGTTGAG-1,B cell
GTGAGTGGTACAACGC-1,B cell
GTGATCAAGCGTGCAC-1,RpMØ
GTGATCATAGATCTGC-1,B cell
GTGATGCACAACATCT-1,T cell
GTGATTCGCCGCTCAA-1,T cell
GTGCAACAAATGTGGC-1,MZMØ
GTGCACGAAAGTGACT-1,B cell
GTGCCATCACACGGTG-1,MMMØ
GTGCCCGTTCGGATTC-1,MZMØ
GTGCCGCTTCAAAGGT-1,B cell
GTGCCTCAGTGTACGG-1,MZMØ
GTGCGAAATCGAACAC-1,MZMØ
GTGCGACAGGGAGTGT-1,MZMØ
GTGCGGGTCTCCAAAT-1,T cell
GTGCGTGTATATGAGC-1,MMMØ
GTGCTCAAGTACTGTC-1,MZMØ
GTGCTGCAGATAAGGA-1,RpMØ
GTGGAACCTACATGCG-1,MZMØ
GTGGACCAACCCGATT-1,MZMØ
GTGGACGCATTTGTCC-1,RpMØ
GTGGACGTGCTGAGAC-1,MZMØ
GTGGAGCGTTTACCGA-1,RpMØ
GTGGAGTCGGCGGTTG-1,MZMØ
GTGGCAAACAGCGGCA-1,MZMØ
GTGGCGGTCCCAGCGT-1,MMMØ
GTGGCGTGCACCAGAG-1,B cell
GTGGGAAGACTGAATC-1,MZMØ
GTGGGCTTAGACACAC-1,MMMØ
GTGGTATAGTCTGCCG-1,B cell
GTGGTCAGCGAAGTAT-1,MZMØ
GTGGTGGCCAAGTGAA-1,RpMØ
GTGGTTACTTCTTTCG-1,RpMØ
GTGGTTTCCGCCTTTC-1,MMMØ
GTGTACCTTGGCTACG-1,MMMØ
GTGTCCGATAAGGCAT-1,B cell
GTGTCGTATTCACCTT-1,RpMØ
GTGTGAATAACTTAGG-1,MZMØ
GTGTTACTATGCGTCC-1,MMMØ
GTTAATGTCTATCTTA-1,RpMØ
GTTACAATTGGTGACG-1,T cell
GTTACCTACAACTTGC-1,B cell
GTTACTTTGGGCCTAG-1,T cell
GTTAGAGTGTGCCGCT-1,T cell
GTTAGCCGTAAATCAA-1,RpMØ
GTTAGGCTACCCGTTT-1,RpMØ
GTTATATCAGGAGCCA-1,RpMØ
GTTATATTATCTCCCT-1,B cell
GTTATTAAATACGACC-1,B cell
GTTCAATCTATGTCAA-1,MMMØ
GTTCACAGGAGTCTAG-1,MZMØ
GTTCATCGTTTGGCTG-1,RpMØ
GTTCCAGTCTGACCAT-1,B cell
GTTCGCCATAAGTGCC-1,B cell
GTTCGGGCGTACCATT-1,RpMØ
GTTCGTCTGGGTCCCT-1,RpMØ
GTTCTTCCCTCGATGT-1,MZMØ
GTTGAACCGGTTCCAT-1,MMMØ
GTTGCACGGAGTTTCG-1,MZMØ
GTTGGACCGCATCAGG-1,RpMØ
GTTGGATTCAGTGGCT-1,RpMØ
GTTGGATTGAGAACAC-1,MZMØ
GTTGGATTTGCGTTGG-1,MZMØ
GTTGGTCATGCTATCC-1,RpMØ
GTTGTCGTGTTAGTTG-1,MZMØ
GTTGTTACATTGCGCT-1,RpMØ
GTTTACGTTCCATCTG-1,B cell
GTTTCATATCGTCGCT-1,MZMØ
GTTTCCTGGAGGGTGA-1,MZMØ
GTTTCTGCAGTCTCCC-1,MZMØ
GTTTGACCAAATCCTA-1,T cell
GTTTGGCCCAAGTTAT-1,MZMØ
GTTTGGGCTTGTGAGC-1,RpMØ
GTTTGGTAGGGTCAAC-1,MMMØ
TAAACCCAGGAGGGCA-1,T cell
TAAAGAGCCCGAAACC-1,RpMØ
TAAAGCGTTAGGAGAA-1,MZMØ
TAAAGCTGCAATAGGG-1,MZMØ
TAAATCTTTACACCTC-1,RpMØ
TAAATGAATCCGTTTC-1,T cell
TAAATGCCGTCTCATG-1,T cell
TAACAAAGGGAGAAGC-1,T cell
TAACAATATTTGTTGC-1,RpMØ
TAACAGCGTTTGTGCT-1,MMMØ
TAACATACAATGTGGG-1,MMMØ
TAACATACACGCGATC-1,B cell
TAACCTACCGTCCGAG-1,RpMØ
TAACGCTTTGAGAGCG-1,B cell
TAACTATCGAAGGTCC-1,B cell
TAACTATTACGCCAAA-1,MMMØ
TAACTCATCCGCGCGG-1,B cell
TAACTCCATGGAGGCT-1,RpMØ
TAAGAGGGACAGGGAC-1,RpMØ
TAAGCAGGCGACACGC-1,B cell
TAAGCCCTTACGACCA-1,B cell
TAAGCGCGAATCAAAT-1,RpMØ
TAAGGAACTTGTGGGA-1,MZMØ
TAAGGCAACATAAGAT-1,B cell
TAAGGCATAACATCAA-1,RpMØ
TAAGGGCTGGGAGAGG-1,B cell
TAAGTAAATGTGCCGC-1,B cell
TAAGTAACATCTTGAC-1,MZMØ
TAAGTCGCCGAGTATC-1,B cell
TAATAAACAAGGAGAT-1,RpMØ
TAATACACAGTAGTAT-1,B cell
TAATAGAACAGAGTTA-1,T cell
TAATAGGTCACCAGAA-1,RpMØ
TAATAGTGACGACCAG-1,MMMØ
TAATATTGAAATTCGC-1,B cell
TAATCAGGAATGCTGC-1,MMMØ
TAATCGATCCGTACGT-1,B cell
TAATGAAAGACCCTTG-1,MZMØ
TAATTGGAATCGGGAA-1,MZMØ
TACAAATTGCGGAGGT-1,MZMØ
TACAACGCACAACTCA-1,MZMØ
TACAAGTCTCGTGCAT-1,MMMØ
TACACCGTCGTTAGTC-1,RpMØ
TACATAGGCATACACC-1,MZMØ
TACATCCCTATCCCTG-1,MZMØ
TACATTTCTAACGTGC-1,T cell
TACCAGAAGTAGGTTC-1,B cell
TACCAGCTAGGTTTAA-1,T cell
TACCGCGGACTTGCAG-1,MZMØ
TACCGGCTCACTGCCC-1,B cell
TACCGGTCGTTTCCAT-1,MZMØ
TACCGTAGGTTAACTA-1,RpMØ
TACCGTGCCTCGGACC-1,MZMØ
TACCTCACGCTTGTAC-1,T cell
TACCTCAGTTGTCTGT-1,RpMØ
TACCTCCACACCAATG-1,RpMØ
TACCTGCTGCACTGTG-1,MMMØ
TACCTTAAGATTTCCC-1,B cell
TACGAACACGACTTCA-1,T cell
TACGACGCTTGCTGCG-1,T cell
TACGACTGCCTCTTAG-1,T cell
TACGAGAACTTCACGT-1,MMMØ
TACGATCCAAGCCACT-1,MZMØ
TACGATGTTGATCATC-1,T cell
TACGCAGTTCTTTCCT-1,MZMØ
TACGCCATATTCTAAT-1,MZMØ
TACGCCGAGGGTACCC-1,B cell
TACGCCTCCATTCCGA-1,MZMØ
TACGCTATAGAAACCT-1,RpMØ
TACGGGATGCTAGCAG-1,MMMØ
TACGTACTAGTGCTGA-1,RpMØ
TACGTGCACTATGCTG-1,B cell
TACGTTTACCGGCAAT-1,B cell
TACTATGGTTCCTCAG-1,B cell
TACTCCTCTAGTTGAC-1,RpMØ
TACTCGGCACGCCGGG-1,B cell
TACTCTCCGAACAAAT-1,MMMØ
TACTCTTTCGTCTTCA-1,B cell
TACTGAACAGATTTAG-1,B cell
TACTGCAATCAATTAC-1,MMMØ
TACTGGACAGCTCGGC-1,MZMØ
TACTTGTTAGTAGTCC-1,MZMØ
TACTTTACTGAGCCGG-1,MZMØ
TACTTTCCGCACGCCA-1,B cell
TAGAAACCACTAAGTA-1,B cell
TAGAAAGGTGGCGCTA-1,MZMØ
TAGAAATTCACGTATA-1,RpMØ
TAGAATTAAGGGCAAC-1,MMMØ
TAGACGCCCGTACCGG-1,MMMØ
TAGAGATCATGCAACT-1,B cell
TAGAGCTACGAAGAAC-1,MZMØ
TAGAGTCTAAGCGAAC-1,B cell
TAGATATGGACTGGAA-1,B cell
TAGATCCGAAGTCGCA-1,B cell
TAGATTCCTGGTTATT-1,B cell
TAGCAACCTGTCACAA-1,RpMØ
TAGCCATTTCAAAGTC-1,RpMØ
TAGCCGGCGGTCAGCG-1,B cell
TAGCGTTGGGTCTTAC-1,MMMØ
TAGCTAAGTCCGGGAG-1,T cell
TAGCTAGAAGGCATGA-1,B cell
TAGCTAGTGATGATGG-1,RpMØ
TAGCTCAGATCCTAGT-1,RpMØ
TAGCTCGCCTGATAAC-1,T cell
TAGCTGATGTGAAGCG-1,RpMØ
TAGGAACAGCCTCCAG-1,MMMØ
TAGGCATGTTACGCCA-1,MZMØ
TAGGCGATGAGGTCTC-1,RpMØ
TAGGGAGCTTGGGATG-1,MZMØ
TAGGGTGTTTCAAGAG-1,MMMØ
TAGGTCCAAGTAAGGA-1,MMMØ
TAGGTCGCCGGAACTG-1,RpMØ
TAGGTGAGCCCTACTC-1,B cell
TAGGTGCTCGCCTAGC-1,MZMØ
TAGGTTCGAGTTCGTC-1,MMMØ
TAGTAGCTTATACCAG-1,RpMØ
TAGTCCGCAGAGAATG-1,T cell
TAGTCTAACAACGAGA-1,T cell
TAGTCTGTGACGTTGC-1,MZMØ
TAGTGCCCTCCAGAGT-1,B cell
TAGTGGAACTCATACA-1,B cell
TAGTTAAGATAGGATA-1,B cell
TAGTTTATTCTTGCTT-1,B cell
TATAAATCCACAAGCT-1,B cell
TATAAGTGAGGATAGC-1,T cell
TATACACAGACGCCTT-1,B cell
TATACACGCAAAGTAT-1,B cell
TATAGCGCACGTTATC-1,RpMØ
TATAGGGTACTCATGA-1,B cell
TATATAGGGCTTTACG-1,RpMØ
TATATATCGAGAAATG-1,MZMØ
TATATCCCTGGGAGGA-1,MZMØ
TATATTACAAATGTCG-1,B cell
TATATTCGCGTCGATA-1,RpMØ
TATCACCATGTAAAGT-1,MMMØ
TATCACCCAACCGACC-1,MZMØ
TATCACTTCGAGTAAC-1,MMMØ
TATCAGTGGCGTAGTC-1,RpMØ
TATCCATATCATGCGA-1,T cell
TATCCATCTCGGTTAG-1,RpMØ
TATCCGCACCGTCGGG-1,RpMØ
TATCCTGCATGGGAAT-1,MMMØ
TATCGATCTATGCATA-1,MZMØ
TATCGATGATTAAACG-1,MZMØ
TATCTACAGAGGTAAT-1,MMMØ
TATCTACCACAGCGGG-1,B cell
TATCTAGCCTAAAGGA-1,RpMØ
TATCTTGCAATACAAC-1,MZMØ
TATGAAGACAGGTGCG-1,MMMØ
TATGATAAATCTAACG-1,B cell
TATGATCCGGCACGCC-1,RpMØ
TATGCTCCCTACTTAC-1,T cell
TATGGATGTGCTACGC-1,MZMØ
TATGGCCCGGCCTCGC-1,B cell
TATGGGACCGAGCAGG-1,T cell
TATGGGTACGTATCGT-1,B cell
TATGGTCTGAGTAACA-1,B cell
TATGTCAAGACCGACT-1,RpMØ
TATGTCTCATTGTGCC-1,MMMØ
TATTAACACCAAAGCA-1,RpMØ
TATTAACCTGACCGCG-1,B cell
TATTACCATCCTGCTT-1,RpMØ
TATTATGTTTGCCTGC-1,RpMØ
TATTCAATTCTAATCC-1,T cell
TATTCCACTCAGCTCG-1,B cell
TATTCCTCCGCCCACT-1,MZMØ
TATTCGTGCCAGAATA-1,MZMØ
TATTTAGTCTAGATCG-1,T cell
TATTTATACCGAGTAG-1,B cell
TATTTGTTACCCTTTA-1,MZMØ
TCAAACAACCGCGTCG-1,T cell
TCAAACTTAGATTGTT-1,MZMØ
TCAAAGAGCTATCTGT-1,RpMØ
TCAACAAAGATAATTC-1,B cell
TCAACATAGCGCCCTA-1,B cell
TCAACATCGACCGAGA-1,MZMØ
TCAACCATGTTCGGGC-1,MZMØ
TCAACGAGGAGACAAA-1,MZMØ
TCAACGCAGGAAATAA-1,MZMØ
TCAACGCGACCGGCAG-1,MZMØ
TCAACTAACGTATAAC-1,MMMØ
TCACAGCAAACTCGAA-1,MMMØ
TCACAGGAGAATAAGA-1,B cell
TCACAGGGAATCGCAA-1,RpMØ
TCACAGGTTATTGGGC-1,MZMØ
TCACATCTTATCTGAT-1,MMMØ
TCACCCTCTTAAGATT-1,B cell
TCACCGCTCGGCACTC-1,B cell
TCACGATGTCCGTGGA-1,MMMØ
TCACGCATTGTAGATC-1,MZMØ
TCACGGTCATCGCACA-1,MZMØ
TCACGTGCCCGATTCA-1,MZMØ
TCACTACGACCAATGC-1,MZMØ
TCACTCGTGCAACGGC-1,RpMØ
TCAGAACCTCCACAGG-1,RpMØ
TCAGACGCTATAGAAG-1,B cell
TCAGATGGAGACGTAG-1,RpMØ
TCAGCAAATGCATCTC-1,MMMØ
TCAGCAGTAGGCCCTG-1,MMMØ
TCAGGGTGCACGAAAC-1,MMMØ
TCAGGGTGTAACGTAA-1,T cell
TCAGGTTCTTTGAGAA-1,MMMØ
TCAGTACTGACCCGCG-1,B cell
TCAGTAGGGACTATAA-1,T cell
TCAGTGTATACGTCAT-1,B cell
TCAGTTACGGAATGAT-1,MZMØ
TCATACTTACAGATCC-1,RpMØ
TCATCACTCGAGCTCG-1,RpMØ
TCATCCCAGAGGGTGG-1,T cell
TCATCGATGGTCCCAA-1,MZMØ
TCATGCAGGTTCTCAT-1,B cell
TCATTCGTATAATTTG-1,RpMØ
TCATTTAAGTCTCCGA-1,MZMØ
TCCAACTTTAAATTCT-1,B cell
TCCACAATGGTTTACG-1,MZMØ
TCCACTTTATCTAGGT-1,MZMØ
TCCAGAGCACCGGTTC-1,MZMØ
TCCAGATGTACGCCAA-1,RpMØ
TCCAGGCGAGTACGGT-1,B cell
TCCATTCCCACTAGAG-1,RpMØ
TCCATTGTGACCTCGT-1,T cell
TCCCAAACAGACAACG-1,RpMØ
TCCCAAAGACGAAGGA-1,B cell
TCCCACTCTCTTCCGG-1,RpMØ
TCCCAGCTTTAGTCTG-1,B cell
TCCCAGGCTTAGCTAA-1,MMMØ
TCCCGCGTACTCCTGG-1,T cell
TCCCGGGTGTGCTGCT-1,T cell
TCCCGTCAGTCCCGCA-1,T cell
TCCCGTGTGCAATTTG-1,MZMØ
TCCCTAGATCAATAGG-1,RpMØ
TCCCTGGCGTATTAAC-1,RpMØ
TCCCTGGCTCGCTGGA-1,MZMØ
TCCCTTAGATTACTCG-1,B cell
TCCGAACTTGGCTTAC-1,B cell
TCCGAAGTAGTCACCA-1,MMMØ
TCCGATAATTGCCATA-1,B cell
TCCGATGACTGAGCTC-1,T cell
TCCGATGGTGCGACAT-1,MMMØ
TCCGATTACATTGCCG-1,MZMØ
TCCGCGGCAGCATCTG-1,MMMØ
TCCGCTGTCATCCCGG-1,MZMØ
TCCGCTTATCCCATTA-1,RpMØ
TCCGGAGGAAGGGCTG-1,MMMØ
TCCGGCCTAGCGTACA-1,MZMØ
TCCGGCCTGCATCGAT-1,MMMØ
TCCGGTTCGTCCGGTC-1,B cell
TCCGTTTAGCCTTGAA-1,MZMØ
TCCTAACCGTCGGGCA-1,RpMØ
TCCTACATCCACGGCC-1,RpMØ
TCCTAGCAAAGAAGCT-1,MMMØ
TCCTCCTAAGACATTC-1,T cell
TCCTCGGGCTGGGCTT-1,MZMØ
TCCTCTACGAGATGGC-1,T cell
TCCTCTCCAGTTGTCC-1,MZMØ
TCCTCTGGCCCATTAG-1,B cell
TCCTGCCAACTGGAGA-1,MMMØ
TCCTGCGTTGATACTC-1,T cell
TCCTGGCGCTGCCTGG-1,T cell
TCCTTCAGTGGTCGAA-1,T cell
TCCTTTCTTACGCTTA-1,MZMØ
TCGAAATTTAGGACCA-1,MZMØ
TCGAATATCCCGCAGG-1,B cell
TCGACAACTGAACCCG-1,RpMØ
TCGAGACCAACACCGT-1,T cell
TCGAGCCAGGCAGGCC-1,B cell
TCGCAAAGATGCATTT-1,MZMØ
TCGCCCAACTGACTCC-1,B cell
TCGCCGAAGTTGCGTC-1,MZMØ
TCGCCGCACCGCGTGA-1,RpMØ
TCGCCGGTCGATCCGT-1,B cell
TCGCGTCCAGAAGGTC-1,MZMØ
TCGCTAAACCGCTATC-1,B cell
TCGCTCGATATATTCC-1,MZMØ
TCGCTCGGCACCAGCG-1,RpMØ
TCGCTGGGCGGATTGT-1,T cell
TCGCTGTGCGTAAATC-1,MMMØ
TCGCTTAATTACGAAG-1,MZMØ
TCGCTTTAAACGTTTG-1,RpMØ
TCGGAATGACCATCAA-1,T cell
TCGGAATGCGCTCTGA-1,B cell
TCGGACGCCCAGCCCA-1,MMMØ
TCGGAGAGTATCGGGA-1,B cell
TCGGAGTACATGAGTA-1,B cell
TCGGCGTACTGCACAA-1,MZMØ
TCGGCTAACTTCCCTT-1,MZMØ
TCGGGAACGTGCCTAG-1,RpMØ
TCGGGATTCAAACATA-1,MZMØ
TCGGGCCGTCGTGGTA-1,MZMØ
TCGGGTGAAACTGCTA-1,MZMØ
TCGGTCCCGACAATAG-1,RpMØ
TCGGTCCCTGACTCCA-1,MMMØ
TCGGTGACCGCTCCGG-1,MZMØ
TCGGTTAGCCATGTAG-1,B cell
TCGTAAGACGACATTG-1,T cell
TCGTAAGCTCCGAGGA-1,MZMØ
TCGTATCACCAAGCTA-1,MMMØ
TCGTATTACCCATTGC-1,MZMØ
TCGTATTTCGTCCGGA-1,B cell
TCGTCAAGTACGCGCA-1,MMMØ
TCGTCACACTGTTAGC-1,MMMØ
TCGTCCGCTGGCGTCT-1,T cell
TCGTCCGGGTACACTC-1,B cell
TCGTGTCACGCTGACA-1,B cell
TCGTTAGGAGTCCCTA-1,T cell
TCGTTCGTTATTATGT-1,RpMØ
TCGTTGCTATCCGGTC-1,T cell
TCTAAAGAACAGTCTC-1,RpMØ
TCTAATACTGCCTCAG-1,B cell
TCTACACGTTCATGCA-1,B cell
TCTACCGTCCACAAGC-1,T cell
TCTACGGGCTCAGTTG-1,RpMØ
TCTAGCAATCTCCGCC-1,MZMØ
TCTAGCATCTTCGATG-1,MZMØ
TCTAGCATGCCCAGAA-1,B cell
TCTAGGTGGCGACGCT-1,MMMØ
TCTAGTTATCAGAAGA-1,B cell
TCTATCATGCAGTTAC-1,T cell
TCTATCGGTCGCAACA-1,MMMØ
TCTATTACGCTGGCGA-1,RpMØ
TCTATTACTAGAGGAT-1,MZMØ
TCTCCAACGTAGGTTA-1,MMMØ
TCTCGAACGAGGTCAC-1,MZMØ
TCTCGTGTTACGAGGA-1,RpMØ
TCTCTAATAGCTGGTA-1,T cell
TCTGAACCGGTCGGCT-1,T cell
TCTGAATTCCGTACAA-1,MZMØ
TCTGCCAGAAACTGCA-1,B cell
TCTGCGAATCGTTCGC-1,RpMØ
TCTGGGTAGCGCTCAT-1,T cell
TCTGTGATGGAGGTTG-1,B cell
TCTGTGCCATCATAGT-1,MZMØ
TCTGTTACCCAGCATA-1,MMMØ
TCTTACAGAGGTACCG-1,MZMØ
TCTTACCGGAACTCGT-1,MZMØ
TCTTACGGCATCCGAC-1,MZMØ
TCTTCCCATGGGCACA-1,MZMØ
TCTTCGAATAGACGTT-1,MZMØ
TCTTCGATACCAATAA-1,MZMØ
TCTTGATGCGTAGCGA-1,MZMØ
TCTTGGTAACACCAAA-1,T cell
TCTTTAAGACTATGAA-1,RpMØ
TCTTTCTCTTAAGGAG-1,T cell
TGAAACTTATGCAAGC-1,MMMØ
TGAAAGGACCTGACTC-1,MZMØ
TGAACAAGCAGGGACT-1,RpMØ
TGAATATGCTATAAAC-1,RpMØ
TGAATGAGATACAGCA-1,RpMØ
TGAATTTCACTTGCCT-1,RpMØ
TGACACTTCTCTTTGC-1,MZMØ
TGACAGGACAAGTCCA-1,RpMØ
TGACATCGAGCGGACC-1,RpMØ
TGACCAGCTTCAAAGT-1,MMMØ
TGACCCACGTTAGACA-1,MZMØ
TGACCCAGCATTCCCG-1,MMMØ
TGACGAATATTTCCCT-1,B cell
TGACGATGCACTAGAA-1,MZMØ
TGACTATAATCCTTTC-1,T cell
TGACTCCGAATCATAC-1,RpMØ
TGAGAATGCTTTACCG-1,T cell
TGAGACGTACCTCTCA-1,RpMØ
TGAGAGATTTACCACG-1,RpMØ
TGAGATCAAATACTCA-1,RpMØ
TGAGATTAGGCCCTAA-1,RpMØ
TGAGCCATACAGTCTC-1,MMMØ
TGAGCGGAAAGTGTTC-1,RpMØ
TGAGCTTTAATGACGC-1,B cell
TGAGGAGTGCCAGCTT-1,RpMØ
TGAGGCATGTACTGTG-1,RpMØ
TGAGTAAATTAGCGTA-1,B cell
TGAGTGCCTCTTAAAT-1,MZMØ
TGAGTGGTCCGTGACG-1,B cell
TGATACATTTAGCCGT-1,B cell
TGATCAGGGAACTGCT-1,MMMØ
TGATCCCAGCATTAGT-1,B cell
TGATCGGTTTGACCCT-1,MMMØ
TGATCTACGCTGATCT-1,MZMØ
TGATCTCCGGCGCCAG-1,MZMØ
TGATTATGGCACGCAG-1,T cell
TGATTCAGGTCCCGCG-1,RpMØ
TGATTCGTCTATCACT-1,T cell
TGATTCTGTCGCCGGT-1,B cell
TGATTTATTAGCTGTG-1,T cell
TGATTTCCTCCTGACG-1,B cell
TGCAAGAATGACGTAA-1,T cell
TGCAATTTGGGCACGG-1,MZMØ
TGCACAGTGAAGTTAT-1,B cell
TGCACGAGTCGGCAGC-1,RpMØ
TGCAGAACTATATCGT-1,T cell
TGCAGAGTACCGAGCA-1,B cell
TGCAGATCGTCCTAGG-1,B cell
TGCAGCTACGTACTTC-1,MZMØ
TGCAGGATCGGCAAAG-1,T cell
TGCAGTGAGGCTCGGG-1,MZMØ
TGCAGTTTCCTCCCAT-1,RpMØ
TGCATATGTCTGTCAC-1,MZMØ
TGCATGGATCGGATCT-1,B cell
TGCATGGCAGTCTTGC-1,MMMØ
TGCATGTGGTAATCTA-1,MMMØ
TGCCAAAGTCAGACTT-1,B cell
TGCCAATGGGTACTCT-1,B cell
TGCCACCTGGCGAAAC-1,T cell
TGCCAGTACGTGGAGA-1,RpMØ
TGCCATGGCTTATAAG-1,B cell
TGCCATTACTAAAGAA-1,B cell
TGCCCGTACCGTTAAA-1,MZMØ
TGCCGGATGTACGAGC-1,MMMØ
TGCCGTGGATCGTCCT-1,RpMØ
TGCCTGATCAAACGAT-1,B cell
TGCGAATATGGGATTT-1,MZMØ
TGCGACACCCTAGTGC-1,B cell
TGCGACGGCCGAACGT-1,B cell
TGCGAGAATATTACCC-1,T cell
TGCGAGATGGCGGCCA-1,MMMØ
TGCGAGCCCTTCCGCG-1,B cell
TGCGCAAAGCATTTGG-1,MZMØ
TGCGCGATTAACGGAG-1,MZMØ
TGCGGAGTAAAGGTGC-1,B cell
TGCGGCATAGTTCAAC-1,MMMØ
TGCGGTCTACGAGTAA-1,MMMØ
TGCGGTGAAATTTCAT-1,B cell
TGCGTAAGAACCTGAT-1,B cell
TGCGTCATGACTGAGC-1,MZMØ
TGCGTTTGTTGACACT-1,B cell
TGCTCACACAACAACC-1,MZMØ
TGCTCGGCGAAACCCA-1,RpMØ
TGCTGCGTCAGAGTTA-1,B cell
TGCTGGTTGGACAATT-1,T cell
TGCTGTTGAAGAACTC-1,B cell
TGCTTAGAGAGAATGC-1,RpMØ
TGGAACCACTGACACA-1,MZMØ
TGGAAGAAGGGAACGT-1,T cell
TGGAAGACGAACACCA-1,RpMØ
TGGAAGGATAAAGATG-1,T cell
TGGAATATCCTTGACC-1,MZMØ
TGGAATTAGACGCTTT-1,MZMØ
TGGACGCAATCCAGCC-1,RpMØ
TGGACTGTTCGCTCAA-1,T cell
TGGAGCTAAAGTTCCC-1,MMMØ
TGGAGGGAAACACCTC-1,RpMØ
TGGAGTGATGCGATGA-1,MZMØ
TGGCAAACTAAATTAC-1,RpMØ
TGGCAACTCGCGCGCC-1,MZMØ
TGGCACGAGCTCGAGT-1,B cell
TGGCAGATTACGATCA-1,B cell
TGGCAGCAGTAATAGT-1,MMMØ
TGGCATGAAGTTTGGG-1,RpMØ
TGGCCAAACTGAAGTA-1,T cell
TGGCCAATTTGGTACT-1,MZMØ
TGGCCGTATATTGACC-1,MMMØ
TGGCGACTGCTCCAAA-1,B cell
TGGCGATCAAGTTATG-1,B cell
TGGCTCTTGTCGCGTA-1,RpMØ
TGGCTTGTACAAGCTT-1,MZMØ
TGGCTTTGGGTAGACA-1,T cell
TGGGAAATGCCTTTCC-1,RpMØ
TGGGATGCACTCATTC-1,B cell
TGGGCACGTTCTATGG-1,T cell
TGGGCCACAAGAGCGC-1,B cell
TGGGTAAGGTTCCCGC-1,MZMØ
TGGGTGGGATGTCATT-1,MMMØ
TGGTAAGCAGGATTGA-1,RpMØ
TGGTATCGCATCCCAA-1,B cell
TGGTCCCACGCTACGG-1,RpMØ
TGGTCGTGCAAGGCAA-1,RpMØ
TGGTCGTTTGATAGAT-1,MMMØ
TGGTCTGTTGGGCGTA-1,T cell
TGGTGATCGTATTTGT-1,RpMØ
TGGTTAAGGGCGCTGG-1,RpMØ
TGGTTCAACGGGTAAT-1,RpMØ
TGGTTCGTAGCAAAGG-1,B cell
TGGTTGGAGGATCCTG-1,MZMØ
TGGTTTAAACGTGGGT-1,RpMØ
TGTAATGACCACAATA-1,MZMØ
TGTAATGCCTTCGGAC-1,MZMØ
TGTACGAACAAATCCG-1,MZMØ
TGTACGCTATCAGCTT-1,B cell
TGTACTACTCTCACGG-1,RpMØ
TGTAGGAGAAATTTCC-1,B cell
TGTAGTGATCTATAAT-1,T cell
TGTATAACAGATCCTG-1,MZMØ
TGTATCAGACTGAAGC-1,B cell
TGTATCCTTATTCCAT-1,RpMØ
TGTATTTACCTAATGC-1,B cell
TGTCATTTGTTGGGAA-1,RpMØ
TGTCCCGACATAGCAC-1,MMMØ
TGTCCGTGGCGCCTTT-1,MZMØ
TGTCCTAAGTCACCGC-1,MZMØ
TGTCGTTATCACATAT-1,RpMØ
TGTCTACAGTTTCTGT-1,MZMØ
TGTGACTACGCCAGTC-1,T cell
TGTGATTCCAGCGCTT-1,B cell
TGTGCTTTACGTAAGA-1,B cell
TGTGGCAAAGCGTATG-1,MZMØ
TGTGTCGCGAGTTGCA-1,B cell
TGTGTTCGTATCCAAG-1,MZMØ
TGTTATTGTATGTGGC-1,RpMØ
TGTTCCGCTTCCATGA-1,B cell
TGTTCGTATTGCGGTG-1,MMMØ
TGTTCTCTACTCCCTA-1,T cell
TGTTCTTCCATTGACT-1,T cell
TGTTGTCAAGAAGTCT-1,MZMØ
TGTTTAATACTTCATC-1,MMMØ
TGTTTCGGTACTTCTC-1,T cell
TTAAACTCGAATTCAT-1,MMMØ
TTAACACCTCGAACAT-1,RpMØ
TTAACCAACCCTCCCT-1,T cell
TTAACGAACAAGCAGT-1,RpMØ
TTAACGTCGCAAGACC-1,T cell
TTAACTTCAGGTAGGA-1,B cell
TTAAGACGAACGAACC-1,B cell
TTAAGCCGACAACTTC-1,MZMØ
TTAAGCGCCTGACCCA-1,MZMØ
TTAAGGCCCGTACTTT-1,B cell
TTAATCAGTACGTCAG-1,T cell
TTAATGCGAGGTAACT-1,RpMØ
TTAATGTAGACCAGGT-1,T cell
TTAATTTCAGACGCGG-1,B cell
TTACAACTACGCATCC-1,MZMØ
TTACAGACCTAAATGA-1,MMMØ
TTACATCGTGGCCTGG-1,B cell
TTACCATTGATTACCC-1,MZMØ
TTACCCATTGCCGGGT-1,B cell
TTACCCTAACAGTCCT-1,MZMØ
TTACGGATGGTTCGAG-1,MMMØ
TTACGTAGCGCGTGCT-1,B cell
TTACTAAAGGACTTTA-1,RpMØ
TTACTATCGGCTTCTC-1,B cell
TTACTCCGGCCGGGAA-1,T cell
TTACTCTGGTACGTAC-1,MMMØ
TTACTGGGATATTTCA-1,B cell
TTACTGTCTAGAGCTC-1,RpMØ
TTAGAAGAACATGACT-1,RpMØ
TTAGAATAAGGGTCGG-1,RpMØ
TTAGACACGATCGTTG-1,MZMØ
TTAGACGAGTCACCTC-1,MZMØ
TTAGAGTTTAGAAGGA-1,RpMØ
TTAGCAACATGGATGT-1,MZMØ
TTAGCTAATACGATCT-1,MZMØ
TTAGCTCTGTAATCCG-1,RpMØ
TTAGCTGATTTGCCGT-1,RpMØ
TTAGGTCATAACCGAC-1,B cell
TTAGTAGGGCGGCGGG-1,MZMØ
TTAGTTCAAGTGTTCG-1,RpMØ
TTATAGTCCAAGGTGC-1,MZMØ
TTATATACGCTGTCAC-1,T cell
TTATATTTGGCAATCC-1,B cell
TTATCCTCAAGGAATA-1,MZMØ
TTATCGCCTGCGAAGC-1,RpMØ
TTATCTGACATTAGGA-1,RpMØ
TTATCTGTATCATAAC-1,B cell
TTATGAATGAAAGGGA-1,B cell
TTATGACAAACTGGAT-1,B cell
TTATGATCTTAACGAA-1,MMMØ
TTATGTTTGCGATAGA-1,B cell
TTATTAGAGCGTGTTC-1,T cell
TTATTAGGGAAGCATC-1,B cell
TTCAAAGTCTCTAGCC-1,T cell
TTCAACGACCCGACCG-1,B cell
TTCAAGCCGAGCTGAG-1,T cell
TTCAATACTCTGAATC-1,MZMØ
TTCAATTAGCCATAAT-1,T cell
TTCACGAAAGGATCAC-1,T cell
TTCAGGCGTCAAAGCC-1,MMMØ
TTCATGGCGCAACAGG-1,T cell
TTCCAATCAGAGCTAG-1,T cell
TTCCAATCTGGCTATC-1,MMMØ
TTCCACACAGATTTGA-1,T cell
TTCCATCATGCGGTGA-1,MMMØ
TTCCCGACGCTTCACT-1,T cell
TTCCCGGCGCCAATAG-1,RpMØ
TTCCGCAGAGAAATAT-1,B cell
TTCCGCGTGAGGCGAT-1,B cell
TTCCGGCCTTGAGGCT-1,T cell
TTCCGGCTCGACTTCT-1,T cell
TTCCGGTTACCCACTT-1,RpMØ
TTCCTCGAGGGTGTCT-1,B cell
TTCCTCTGCCCGAATA-1,MMMØ
TTCGACAGAGCCCGTG-1,MZMØ
TTCGACGGGAAGGGCG-1,MZMØ
TTCGAGCCGGCGCTAC-1,MMMØ
TTCGCACTCGCGTGCT-1,MZMØ
TTCGCCGCTCGCGCTA-1,RpMØ
TTCGCGCGCCATACGA-1,RpMØ
TTCGCTATCTGACGTG-1,B cell
TTCGGACTGATGCCTT-1,B cell
TTCGGCAACCCGCTGA-1,MZMØ
TTCGGGACTAATCGCG-1,T cell
TTCGGGCGCTAGTCTT-1,T cell
TTCGTAATCCCAGCGG-1,B cell
TTCGTACTCCAGAACG-1,B cell
TTCGTGGGCTGGAAGC-1,MMMØ
TTCGTTCAACGAAGTT-1,B cell
TTCTAACCGAAGCTTA-1,MZMØ
TTCTACCTTTATGTTG-1,MMMØ
TTCTACTTGCGAGGGC-1,MMMØ
TTCTAGAAAGTCTTAT-1,RpMØ
TTCTAGGCCAATTGTG-1,MZMØ
TTCTGCCGCGCCTAGA-1,B cell
TTCTGCGAGCGCCCTT-1,B cell
TTCTGCGGGTTAGCGG-1,B cell
TTCTGCTAGACTCCAA-1,B cell
TTCTTAGTGAACGGTG-1,B cell
TTCTTAGTGGCTCAGA-1,MZMØ
TTCTTCGCAATAGAGC-1,B cell
TTCTTGAGCCGCGCTA-1,T cell
TTCTTGGACGATCTGC-1,B cell
TTCTTGGAGTAATGAG-1,B cell
TTCTTGTAACCTAATG-1,B cell
TTCTTTGGTCGCGACG-1,MZMØ
TTGAAAGGTGTAAAGG-1,MZMØ
TTGAAGAATTCCCAGG-1,MZMØ
TTGAATATGGACTTTC-1,T cell
TTGAATCGTTGTATAA-1,RpMØ
TTGAATTCACGTGAGG-1,RpMØ
TTGACATGAACGTGGA-1,MZMØ
TTGACCATGTTCTCCG-1,B cell
TTGACCGTGTTAATGA-1,MMMØ
TTGACGATTCAGCACG-1,RpMØ
TTGACTACCATATGGT-1,B cell
TTGAGAGTACTGCTAA-1,MZMØ
TTGAGGCATTTAACTC-1,B cell
TTGATAGTCAATACAT-1,RpMØ
TTGATCTAACTTTGTC-1,MZMØ
TTGATGTGTAGTCCCG-1,MZMØ
TTGATTAGCTGTTTCT-1,B cell
TTGATTATGCAGATGA-1,T cell
TTGCACAATTCAGAAA-1,MZMØ
TTGCACGGAGCAGCAC-1,B cell
TTGCAGGTCATGAAGT-1,MMMØ
TTGCATGCTGATCACG-1,T cell
TTGCCATAGCCCGCTC-1,B cell
TTGCCCTGATCACGGG-1,T cell
TTGCCGCAGACCTACA-1,RpMØ
TTGCCGGTGATCCCTC-1,T cell
TTGCGGCATCAGAAAG-1,T cell
TTGCGTAGTTTGAGGA-1,MMMØ
TTGCGTCGGCCAACCG-1,T cell
TTGCGTGAACGCTTAG-1,RpMØ
TTGCTCCCATACCGGA-1,T cell
TTGCTGAAGGAACCAC-1,T cell
TTGCTGATCATGTTCG-1,B cell
TTGCTGCACCTATCCA-1,RpMØ
TTGCTGGCCGGGCTTC-1,T cell
TTGGAAGAATACAGTC-1,MZMØ
TTGGACATGTGGCTTA-1,MMMØ
TTGGATATCGTCTACG-1,B cell
TTGGATCGACTTCTGG-1,RpMØ
TTGGATTGGGTACCAC-1,T cell
TTGGCCTAGAATTTCG-1,MMMØ
TTGGCTCGCATGAGAC-1,T cell
TTGGGACACTGCCCGC-1,T cell
TTGGGCGGCGGTTGCC-1,MMMØ
TTGGGTTTATTCAGCG-1,RpMØ
TTGGTCACACTCGTAA-1,T cell
TTGGTTGCGGTGCGCG-1,B cell
TTGTAACTTCATAGCG-1,MZMØ
TTGTAAGGACCTAAGT-1,MZMØ
TTGTAAGGCCAGTTGG-1,MZMØ
TTGTAATCCGTACTCG-1,B cell
TTGTATCACACAGAAT-1,T cell
TTGTCACCGCGGTATC-1,RpMØ
TTGTCGTTCAGTTACC-1,B cell
TTGTGAGGCATGACGC-1,RpMØ
TTGTGGCCCTGACAGT-1,B cell
TTGTGGTAGGAGGGAT-1,B cell
TTGTGTATGCCACCAA-1,RpMØ
TTGTGTTTCCCGAAAG-1,MMMØ
TTGTTAGCAAATTCGA-1,B cell
TTGTTCAGTGTGCTAC-1,B cell
TTGTTGTGTGTCAAGA-1,MMMØ
TTGTTTCACATCCAGG-1,B cell
TTGTTTCATTAGTCTA-1,MZMØ
TTGTTTCCATACAACT-1,B cell
